1,2,175,474,0.801717928,"[169, 90, 349, 270]"
1,0,174,474,0.851544116,"[169, 349]"
1,0,173,474,0.852154873,"[169, 349]"
1,0,172,475,0.958376738,"[169, 349]"
1,0,171,475,0.993194527,"[169, 349]"
1,0,170,475,1.004464468,"[169, 349]"
1,0,169,475,1.094071612,"[169, 349]"
1,0,168,475,1.093257875,"[169, 349]"
1,0,167,476,1.146708347,"[169, 349]"
1,0,166,476,1.189460864,"[169, 349]"
1,0,165,476,1.218092173,"[169, 349]"
1,0,164,476,1.260419357,"[169, 349]"
1,0,163,476,1.283181893,"[169, 349]"
1,0,162,477,1.338605441,"[169, 349]"
1,0,161,477,1.374868649,"[169, 349]"
1,0,160,477,1.38862873,"[169, 349]"
1,0,159,477,1.404658226,"[169, 349]"
1,0,158,477,1.41284522,"[169, 349]"
1,0,157,478,1.441595977,"[169, 349]"
1,0,156,478,1.441144704,"[169, 349]"
1,0,155,478,1.470450816,"[169, 349]"
1,0,154,478,1.435261604,"[169, 349]"
1,0,153,479,1.444551071,"[169, 349]"
1,0,152,479,1.481494266,"[169, 349]"
1,0,151,479,1.494118964,"[169, 349]"
1,0,150,479,1.478495043,"[169, 349]"
1,0,149,479,1.481237176,"[169, 349]"
1,0,148,480,1.502491185,"[169, 349]"
1,0,147,480,1.512908237,"[169, 349]"
1,0,146,480,1.540302605,"[169, 349]"
1,0,145,480,1.573672272,"[169, 349]"
1,0,144,480,1.543066329,"[169, 349]"
1,0,143,481,1.566117953,"[169, 349]"
1,0,142,481,1.631615153,"[169, 349]"
1,0,141,481,1.617715099,"[169, 349]"
1,0,140,481,1.635381156,"[169, 349]"
1,0,139,481,1.601142481,"[169, 349]"
1,0,138,482,1.602755996,"[169, 349]"
1,0,137,482,1.647306199,"[169, 349]"
1,0,136,482,1.663630564,"[169, 349]"
1,0,135,482,1.668717695,"[169, 349]"
1,0,134,482,1.662884238,"[169, 349]"
1,0,133,482,1.661604973,"[169, 349]"
1,0,132,483,1.649073495,"[169, 349]"
1,0,131,483,1.632877824,"[169, 349]"
1,0,130,483,1.614700299,"[169, 349]"
1,0,129,483,1.571366815,"[169, 349]"
1,0,128,483,1.552189613,"[169, 349]"
1,0,127,484,1.559739173,"[169, 349]"
1,0,126,484,1.543828147,"[169, 349]"
1,0,125,484,1.516097902,"[169, 349]"
1,0,124,484,1.463847192,"[169, 349]"
1,0,123,484,1.461247172,"[169, 349]"
1,0,122,485,1.401399763,"[169, 349]"
1,0,121,485,1.34331759,"[169, 349]"
1,0,120,485,1.328453641,"[169, 349]"
1,0,119,485,1.26772221,"[169, 349]"
1,0,118,486,1.156135006,"[169, 349]"
1,0,117,486,1.094506173,"[169, 349]"
1,0,116,486,1.07248208,"[169, 349]"
1,0,115,486,1.046538672,"[169, 349]"
1,0,114,486,1.022360547,"[169, 349]"
1,0,113,487,0.998364294,"[169, 349]"
1,0,112,487,0.983981188,"[169, 349]"
1,0,111,487,0.980564738,"[169, 349]"
1,0,110,487,0.984603434,"[169, 349]"
1,0,109,487,0.992789543,"[169, 349]"
1,0,108,488,1.025210612,"[169, 349]"
1,0,107,488,1.046455234,"[169, 349]"
1,0,106,488,1.051060797,"[169, 349]"
1,0,105,488,1.058865258,"[169, 349]"
1,0,104,488,1.058458623,"[169, 349]"
1,0,103,489,1.034115835,"[169, 349]"
1,0,102,489,1.021091016,"[169, 349]"
1,1,101,489,1.001406828,"[169, 90, 349, 270]"
1,0,101,488,0.969479444,"[90, 270]"
1,0,101,487,0.937597067,"[90, 270]"
1,0,101,486,0.910253865,"[90, 270]"
1,0,101,485,0.877903624,"[90, 270]"
1,0,101,484,0.839865623,"[90, 270]"
1,0,101,483,0.805607724,"[90, 270]"
1,0,101,482,0.780410732,"[90, 270]"
1,0,101,481,0.771605516,"[90, 270]"
1,0,101,480,0.755441146,"[90, 270]"
1,0,101,479,0.748892979,"[90, 270]"
1,0,101,478,0.747267419,"[90, 270]"
1,0,101,477,0.743913111,"[90, 270]"
1,0,101,476,0.748385825,"[90, 270]"
1,0,101,475,0.750252787,"[90, 270]"
1,0,101,474,0.758127097,"[90, 270]"
1,0,101,473,0.767258477,"[90, 270]"
1,0,101,472,0.782864146,"[90, 270]"
1,0,101,471,0.800593681,"[90, 270]"
1,0,101,470,0.810012347,"[90, 270]"
1,0,101,469,0.823925518,"[90, 270]"
1,0,101,468,0.836018323,"[90, 270]"
1,0,101,467,0.853602559,"[90, 270]"
1,0,101,466,0.866107071,"[90, 270]"
1,0,101,465,0.87882282,"[90, 270]"
1,0,101,464,0.88297157,"[90, 270]"
1,0,101,463,0.89545997,"[90, 270]"
1,0,101,462,0.885201427,"[90, 270]"
1,3,101,461,0.879144508,"[0, 90, 180, 270]"
1,0,102,461,0.841713698,"[0, 180]"
1,0,103,461,0.810711641,"[0, 180]"
1,0,104,461,0.803921068,"[0, 180]"
1,0,105,461,0.799005542,"[0, 180]"
1,0,106,461,0.811798228,"[0, 180]"
1,0,107,461,0.815112108,"[0, 180]"
1,0,108,461,0.820682422,"[0, 180]"
1,0,109,461,0.827961906,"[0, 180]"
1,0,110,461,0.846444866,"[0, 180]"
1,0,111,461,0.883654354,"[0, 180]"
1,0,112,461,0.922954844,"[0, 180]"
1,0,113,461,0.96488184,"[0, 180]"
1,0,114,461,1.000428337,"[0, 180]"
1,0,115,461,1.034082035,"[0, 180]"
1,0,116,461,1.060122074,"[0, 180]"
1,0,117,461,1.078850822,"[0, 180]"
1,0,118,461,1.095704579,"[0, 180]"
1,0,119,461,1.1140021,"[0, 180]"
1,0,120,461,1.136170916,"[0, 180]"
1,0,121,461,1.158484183,"[0, 180]"
1,0,122,461,1.18286102,"[0, 180]"
1,0,123,461,1.207499041,"[0, 180]"
1,0,124,461,1.221902012,"[0, 180]"
1,0,125,461,1.228720211,"[0, 180]"
1,0,126,461,1.222654445,"[0, 180]"
1,0,127,461,1.217134931,"[0, 180]"
1,0,128,461,1.210027875,"[0, 180]"
1,0,129,461,1.204952561,"[0, 180]"
1,0,130,461,1.203906087,"[0, 180]"
1,0,131,461,1.20462173,"[0, 180]"
1,0,132,461,1.205165563,"[0, 180]"
1,0,133,461,1.206487459,"[0, 180]"
1,0,134,461,1.207329202,"[0, 180]"
1,0,135,461,1.211427492,"[0, 180]"
1,0,136,461,1.212915498,"[0, 180]"
1,0,137,461,1.217828598,"[0, 180]"
1,0,138,461,1.218648819,"[0, 180]"
1,0,139,461,1.220105483,"[0, 180]"
1,0,140,461,1.217380861,"[0, 180]"
1,0,141,461,1.221077269,"[0, 180]"
1,0,142,461,1.225825735,"[0, 180]"
1,0,143,461,1.234625454,"[0, 180]"
1,0,144,461,1.242445091,"[0, 180]"
1,0,145,461,1.250724109,"[0, 180]"
1,0,146,461,1.26142384,"[0, 180]"
1,0,147,461,1.26432959,"[0, 180]"
1,0,148,461,1.264710686,"[0, 180]"
1,0,149,461,1.252998055,"[0, 180]"
1,0,150,461,1.234731748,"[0, 180]"
1,0,151,461,1.219155961,"[0, 180]"
1,0,152,461,1.194659028,"[0, 180]"
1,0,153,461,1.183581192,"[0, 180]"
1,0,154,461,1.159626238,"[0, 180]"
1,0,155,461,1.147991486,"[0, 180]"
1,0,156,461,1.121513545,"[0, 180]"
1,0,157,461,1.091199006,"[0, 180]"
1,0,158,461,1.04537451,"[0, 180]"
1,0,159,461,1.005839703,"[0, 180]"
1,0,160,461,0.970059843,"[0, 180]"
1,0,161,461,0.940806909,"[0, 180]"
1,0,162,461,0.91935735,"[0, 180]"
1,0,163,461,0.903837852,"[0, 180]"
1,0,164,461,0.89798404,"[0, 180]"
1,0,165,461,0.892329378,"[0, 180]"
1,0,166,461,0.890798374,"[0, 180]"
1,0,167,461,0.885472876,"[0, 180]"
1,0,168,461,0.881385575,"[0, 180]"
1,0,169,461,0.87891769,"[0, 180]"
1,0,170,461,0.878924653,"[0, 180]"
1,0,171,461,0.881662469,"[0, 180]"
1,0,172,461,0.880589424,"[0, 180]"
1,0,173,461,0.850009129,"[0, 180]"
1,0,174,461,0.793315853,"[0, 180]"
1,4,175,461,0.745709149,"[0, 90, 180, 270]"
1,0,175,462,1.2,"[90, 270]"
1,0,175,463,1.2,"[90, 270]"
1,0,175,464,1.2,"[90, 270]"
1,0,175,465,1.2,"[90, 270]"
1,0,175,466,1.2,"[90, 270]"
1,0,175,467,1.2,"[90, 270]"
1,0,175,468,1.2,"[90, 270]"
1,0,175,469,1.2,"[90, 270]"
1,0,175,470,1.2,"[90, 270]"
1,0,175,471,1.2,"[90, 270]"
1,0,175,472,1.2,"[90, 270]"
1,0,175,473,1.2,"[90, 270]"
1,0,101,460,0.90746598,"[90, 270]"
1,0,101,459,0.901925098,"[90, 270]"
1,0,101,458,0.901640341,"[90, 270]"
1,0,101,457,0.898906588,"[90, 270]"
1,0,101,456,0.928668636,"[90, 270]"
1,0,101,455,0.937407045,"[90, 270]"
1,0,101,454,0.947987636,"[90, 270]"
1,0,101,453,0.959952686,"[90, 270]"
1,0,101,452,0.965326814,"[90, 270]"
1,0,101,451,0.963309717,"[90, 270]"
1,0,101,450,0.949944863,"[90, 270]"
1,0,101,449,0.946929223,"[90, 270]"
1,0,101,448,0.939964567,"[90, 270]"
1,0,101,447,0.946444008,"[90, 270]"
1,0,101,446,0.942383965,"[90, 270]"
1,0,101,445,0.935115595,"[90, 270]"
1,0,101,444,0.92715951,"[90, 270]"
1,5,101,443,0.912146265,"[0, 90, 180, 270]"
1,0,102,443,0.899321796,"[0, 180]"
1,0,103,443,0.882137612,"[0, 180]"
1,0,104,443,0.874291102,"[0, 180]"
1,0,105,443,0.861137179,"[0, 180]"
1,0,106,443,1.0,"[0, 180]"
1,0,107,443,0.836490545,"[0, 180]"
1,0,108,443,0.825535136,"[0, 180]"
1,0,109,443,0.826190136,"[0, 180]"
1,0,110,443,0.834614054,"[0, 180]"
1,0,111,443,0.851559838,"[0, 180]"
1,0,112,443,0.875700779,"[0, 180]"
1,0,113,443,0.886951404,"[0, 180]"
1,0,114,443,0.910358046,"[0, 180]"
1,0,115,443,1.0,"[0, 180]"
1,0,116,443,0.972222636,"[0, 180]"
1,0,117,443,1.018128784,"[0, 180]"
1,0,118,443,1.043050284,"[0, 180]"
1,0,119,443,1.075985814,"[0, 180]"
1,0,120,443,1.10892222,"[0, 180]"
1,0,121,443,1.143526607,"[0, 180]"
1,0,122,443,1.181334765,"[0, 180]"
1,0,123,443,1.213332274,"[0, 180]"
1,0,124,443,1.239633408,"[0, 180]"
1,0,125,443,1.251791421,"[0, 180]"
1,0,126,443,1.268793707,"[0, 180]"
1,0,127,443,1.0,"[0, 180]"
1,0,128,443,1.304498427,"[0, 180]"
1,0,129,443,1.326362107,"[0, 180]"
1,0,130,443,1.337492107,"[0, 180]"
1,0,131,443,1.355530843,"[0, 180]"
1,0,132,443,1.37292459,"[0, 180]"
1,0,133,443,1.389871087,"[0, 180]"
1,0,134,443,1.403979135,"[0, 180]"
1,0,135,443,1.408150044,"[0, 180]"
1,0,136,443,1.418685836,"[0, 180]"
1,0,137,443,1.413178496,"[0, 180]"
1,0,138,443,1.423497167,"[0, 180]"
1,0,139,443,1.417259433,"[0, 180]"
1,0,140,443,1.41995132,"[0, 180]"
1,0,141,443,1.418192151,"[0, 180]"
1,0,142,443,1.416888694,"[0, 180]"
1,0,143,443,1.413636169,"[0, 180]"
1,0,144,443,1.408454973,"[0, 180]"
1,0,145,443,1.400868228,"[0, 180]"
1,0,146,443,1.38899464,"[0, 180]"
1,0,147,443,1.374577574,"[0, 180]"
1,0,148,443,1.356409766,"[0, 180]"
1,0,149,443,1.340430515,"[0, 180]"
1,0,150,443,1.319646103,"[0, 180]"
1,0,151,443,1.295065324,"[0, 180]"
1,0,152,443,1.266642285,"[0, 180]"
1,0,153,443,1.235361522,"[0, 180]"
1,0,154,443,1.201390761,"[0, 180]"
1,0,155,443,1.165590457,"[0, 180]"
1,0,156,443,1.128056244,"[0, 180]"
1,0,157,443,1.09019934,"[0, 180]"
1,0,158,443,1.053659117,"[0, 180]"
1,0,159,443,1.025773691,"[0, 180]"
1,0,160,443,0.996609179,"[0, 180]"
1,0,161,443,0.974961738,"[0, 180]"
1,0,162,443,0.945211348,"[0, 180]"
1,0,163,443,0.917148617,"[0, 180]"
1,0,164,443,0.885767993,"[0, 180]"
1,0,165,443,0.855701322,"[0, 180]"
1,0,166,443,0.827898863,"[0, 180]"
1,0,167,443,0.804942037,"[0, 180]"
1,0,168,443,0.78822618,"[0, 180]"
1,0,169,443,0.775266643,"[0, 180]"
1,0,170,443,0.771114565,"[0, 180]"
1,0,171,443,0.766578741,"[0, 180]"
1,0,172,443,0.764077913,"[0, 180]"
1,0,173,443,0.771024583,"[0, 180]"
1,0,174,443,0.791188749,"[0, 180]"
1,6,175,443,0.809000833,"[0, 90, 180, 270]"
1,0,175,444,0.804803472,"[90, 270]"
1,0,175,445,0.804065611,"[90, 270]"
1,0,175,446,0.801257317,"[90, 270]"
1,0,175,447,0.805374336,"[90, 270]"
1,0,175,448,0.80290258,"[90, 270]"
1,0,175,449,0.799857883,"[90, 270]"
1,0,175,450,0.795096593,"[90, 270]"
1,0,175,451,1.0,"[90, 270]"
1,0,175,452,1.0,"[90, 270]"
1,0,175,453,1.0,"[90, 270]"
1,0,175,454,1.0,"[90, 270]"
1,0,175,455,1.0,"[90, 270]"
1,0,175,456,1.0,"[90, 270]"
1,0,175,457,1.0,"[90, 270]"
1,0,175,458,1.0,"[90, 270]"
1,0,175,459,1.0,"[90, 270]"
1,0,175,460,1.0,"[90, 270]"
1,0,101,442,0.907153762,"[90, 270]"
1,0,101,441,0.894764005,"[90, 270]"
1,0,101,440,0.885074946,"[90, 270]"
1,0,101,439,0.871150801,"[90, 270]"
1,0,101,438,0.85771616,"[90, 270]"
1,0,101,437,0.838727392,"[90, 270]"
1,0,101,436,0.830074638,"[90, 270]"
1,0,101,435,0.815799258,"[90, 270]"
1,0,101,434,1.0,"[90, 270]"
1,0,101,433,0.790164814,"[90, 270]"
1,0,101,432,0.780182454,"[90, 270]"
1,0,101,431,0.779650454,"[90, 270]"
1,0,101,430,0.778264477,"[90, 270]"
1,0,101,429,0.779306233,"[90, 270]"
1,0,101,428,1.0,"[90, 270]"
1,0,101,427,0.784067808,"[90, 270]"
1,0,101,426,0.786195702,"[90, 270]"
1,0,101,425,0.785660702,"[90, 270]"
1,7,101,424,0.786136281,"[0, 90, 180, 270]"
1,0,102,424,0.788787397,"[0, 180]"
1,0,103,424,0.796715735,"[0, 180]"
1,0,104,424,0.809913626,"[0, 180]"
1,0,105,424,0.829695872,"[0, 180]"
1,0,106,424,0.8502039,"[0, 180]"
1,0,107,424,0.877295822,"[0, 180]"
1,0,108,424,0.89985778,"[0, 180]"
1,0,109,424,0.929971556,"[0, 180]"
1,0,110,424,0.961465867,"[0, 180]"
1,0,111,424,0.995836485,"[0, 180]"
1,0,112,424,1.013606838,"[0, 180]"
1,0,113,424,1.047085831,"[0, 180]"
1,0,114,424,1.0,"[0, 180]"
1,0,115,424,1.123796458,"[0, 180]"
1,0,116,424,1.177242864,"[0, 180]"
1,0,117,424,1.201362864,"[0, 180]"
1,0,118,424,1.238046146,"[0, 180]"
1,0,119,424,1.263841802,"[0, 180]"
1,0,120,424,1.28905759,"[0, 180]"
1,0,121,424,1.310169878,"[0, 180]"
1,0,122,424,1.328655494,"[0, 180]"
1,0,123,424,1.344625074,"[0, 180]"
1,0,124,424,1.352320142,"[0, 180]"
1,0,125,424,1.364523804,"[0, 180]"
1,0,126,424,1.0,"[0, 180]"
1,0,127,424,1.390780951,"[0, 180]"
1,0,128,424,1.408270238,"[0, 180]"
1,0,129,424,1.417760238,"[0, 180]"
1,0,130,424,1.431556095,"[0, 180]"
1,0,131,424,1.441333267,"[0, 180]"
1,0,132,424,1.447267872,"[0, 180]"
1,0,133,424,1.448350228,"[0, 180]"
1,0,134,424,1.44494362,"[0, 180]"
1,0,135,424,1.43733877,"[0, 180]"
1,0,136,424,1.426366478,"[0, 180]"
1,0,137,424,1.413271049,"[0, 180]"
1,0,138,424,1.406371882,"[0, 180]"
1,0,139,424,1.393685733,"[0, 180]"
1,0,140,424,1.0,"[0, 180]"
1,0,141,424,1.363671433,"[0, 180]"
1,0,142,424,1.342917858,"[0, 180]"
1,0,143,424,1.330517858,"[0, 180]"
1,0,144,424,1.309247143,"[0, 180]"
1,0,145,424,1.284923,"[0, 180]"
1,0,146,424,1.255374029,"[0, 180]"
1,0,147,424,1.221409406,"[0, 180]"
1,0,148,424,1.184966687,"[0, 180]"
1,0,149,424,1.148745219,"[0, 180]"
1,0,150,424,1.114158381,"[0, 180]"
1,0,151,424,1.0974334,"[0, 180]"
1,0,152,424,1.069202945,"[0, 180]"
1,0,153,424,1.0,"[0, 180]"
1,0,154,424,1.010161986,"[0, 180]"
1,0,155,424,0.974464247,"[0, 180]"
1,0,156,424,0.956109247,"[0, 180]"
1,0,157,424,0.925438699,"[0, 180]"
1,0,158,424,0.893158589,"[0, 180]"
1,0,159,424,0.856264458,"[0, 180]"
1,0,160,424,0.837320762,"[0, 180]"
1,0,161,424,0.805137555,"[0, 180]"
1,0,162,424,1.0,"[0, 180]"
1,0,163,424,0.747483139,"[0, 180]"
1,0,164,424,0.726792035,"[0, 180]"
1,0,165,424,0.733902035,"[0, 180]"
1,0,166,424,0.747974814,"[0, 180]"
1,0,167,424,0.77579337,"[0, 180]"
1,0,168,424,0.809656637,"[0, 180]"
1,0,169,424,0.847615001,"[0, 180]"
1,0,170,424,0.879013328,"[0, 180]"
1,0,171,424,0.911436666,"[0, 180]"
1,0,172,424,0.940596999,"[0, 180]"
1,0,173,424,0.973201733,"[0, 180]"
1,0,174,424,0.997485746,"[0, 180]"
1,8,175,424,1.014763496,"[0, 90, 180, 270]"
1,0,175,425,1.022950848,"[90, 270]"
1,0,175,426,1.016569869,"[90, 270]"
1,0,175,427,1.019161143,"[90, 270]"
1,0,175,428,1.012972202,"[90, 270]"
1,0,175,429,1.00999543,"[90, 270]"
1,0,175,430,0.993420565,"[90, 270]"
1,0,175,431,0.975623238,"[90, 270]"
1,0,175,432,0.946372761,"[90, 270]"
1,0,175,433,0.9230852,"[90, 270]"
1,0,175,434,0.899449592,"[90, 270]"
1,0,175,435,0.882007958,"[90, 270]"
1,0,175,436,0.87027051,"[90, 270]"
1,0,175,437,0.860124694,"[90, 270]"
1,0,175,438,0.851039041,"[90, 270]"
1,0,175,439,0.843909747,"[90, 270]"
1,0,175,440,0.838356758,"[90, 270]"
1,0,175,441,0.831408468,"[90, 270]"
1,0,175,442,0.817855547,"[90, 270]"
1,0,176,474,0.807916252,"[169, 349]"
1,0,177,474,1.0,"[169, 349]"
1,0,178,473,0.789,"[169, 349]"
1,0,179,473,0.79865,"[169, 349]"
1,0,180,473,0.8118725,"[169, 349]"
1,0,181,473,1.0,"[169, 349]"
1,0,182,473,0.8411075,"[169, 349]"
1,0,183,472,0.8682525,"[169, 349]"
1,0,184,472,0.894454167,"[169, 349]"
1,0,185,472,1.0,"[169, 349]"
1,0,186,472,0.917491389,"[169, 349]"
1,0,187,472,0.931080463,"[169, 349]"
1,0,188,472,1.0,"[169, 349]"
1,0,188,471,0.934386821,"[169, 349]"
1,0,189,471,0.933355607,"[169, 349]"
1,0,190,471,1.0,"[169, 349]"
1,0,191,471,0.927648536,"[169, 349]"
1,0,192,471,0.915462845,"[169, 349]"
1,0,193,470,0.899474282,"[169, 349]"
1,0,194,470,1.0,"[169, 349]"
1,0,195,470,0.86912107,"[169, 349]"
1,0,196,470,0.854877023,"[169, 349]"
1,0,197,470,0.853306031,"[169, 349]"
1,0,198,469,1.0,"[169, 349]"
1,0,199,469,1.2126625,"[169, 349]"
1,9,200,469,1.32742875,"[169, 90, 349, 270]"
1,0,200,468,1.305197708,"[90, 270]"
1,0,200,467,1.296288042,"[90, 270]"
1,0,200,466,1.2854384,"[90, 270]"
1,0,200,465,1.272753038,"[90, 270]"
1,0,200,464,1.253162788,"[90, 270]"
1,0,200,463,1.224764415,"[90, 270]"
1,0,200,462,1.190517691,"[90, 270]"
1,0,200,461,1.155755671,"[90, 270]"
1,0,200,460,1.127857172,"[90, 270]"
1,0,200,459,1.109032569,"[90, 270]"
1,0,200,458,1.099952948,"[90, 270]"
1,0,200,457,1.097017103,"[90, 270]"
1,0,200,456,1.09788401,"[90, 270]"
1,0,200,455,1.099257723,"[90, 270]"
1,0,200,454,1.098593347,"[90, 270]"
1,0,200,453,1.100060214,"[90, 270]"
1,0,200,452,1.102533212,"[90, 270]"
1,0,200,451,1.109213685,"[90, 270]"
1,0,200,450,1.116036879,"[90, 270]"
1,0,200,449,1.124667613,"[90, 270]"
1,0,200,448,1.134455898,"[90, 270]"
1,0,200,447,1.145184702,"[90, 270]"
1,0,200,446,1.157783786,"[90, 270]"
1,0,200,445,1.17005694,"[90, 270]"
1,0,200,444,1.183621388,"[90, 270]"
1,0,200,443,1.196243166,"[90, 270]"
1,0,200,442,1.206127911,"[90, 270]"
1,0,200,441,1.211024215,"[90, 270]"
1,0,200,440,1.215567925,"[90, 270]"
1,0,200,439,1.218635928,"[90, 270]"
1,0,200,438,1.222758271,"[90, 270]"
1,0,200,437,1.22375384,"[90, 270]"
1,0,200,436,1.223177422,"[90, 270]"
1,0,200,435,1.220783752,"[90, 270]"
1,0,200,434,1.216902235,"[90, 270]"
1,0,200,433,1.212222197,"[90, 270]"
1,0,200,432,1.208232386,"[90, 270]"
1,0,200,431,1.206163417,"[90, 270]"
1,0,200,430,1.206656661,"[90, 270]"
1,0,200,429,1.209359015,"[90, 270]"
1,0,200,428,1.212700635,"[90, 270]"
1,0,200,427,1.21571193,"[90, 270]"
1,0,200,426,1.218172513,"[90, 270]"
1,0,200,425,1.221364389,"[90, 270]"
1,0,200,424,1.22651488,"[90, 270]"
1,0,200,423,1.234430854,"[90, 270]"
1,0,200,422,1.245366647,"[90, 270]"
1,0,200,421,1.2592595,"[90, 270]"
1,0,200,420,1.275405229,"[90, 270]"
1,0,200,419,1.293197946,"[90, 270]"
1,0,200,418,1.310878135,"[90, 270]"
1,0,200,417,1.327985216,"[90, 270]"
1,0,200,416,1.34380767,"[90, 270]"
1,0,200,415,1.358816077,"[90, 270]"
1,0,200,414,1.37217975,"[90, 270]"
1,0,200,413,1.383024165,"[90, 270]"
1,0,200,412,1.391645783,"[90, 270]"
1,0,200,411,1.39953149,"[90, 270]"
1,0,200,410,1.408932955,"[90, 270]"
1,0,200,409,1.420575389,"[90, 270]"
1,0,200,408,1.434889169,"[90, 270]"
1,0,200,407,1.449690412,"[90, 270]"
1,0,200,406,1.464340916,"[90, 270]"
1,0,200,405,1.477188766,"[90, 270]"
1,0,200,404,1.488230936,"[90, 270]"
1,0,200,403,1.49609644,"[90, 270]"
1,0,200,402,1.500235475,"[90, 270]"
1,0,200,401,1.500318883,"[90, 270]"
1,0,200,400,1.497215872,"[90, 270]"
1,0,200,399,1.491696951,"[90, 270]"
1,0,200,398,1.470292565,"[90, 270]"
1,0,200,397,1.455720403,"[90, 270]"
1,0,200,396,1.441690094,"[90, 270]"
1,0,200,395,1.441667099,"[90, 270]"
1,0,200,394,1.432181439,"[90, 270]"
1,0,200,393,1.419734708,"[90, 270]"
1,0,200,392,1.405775729,"[90, 270]"
1,0,200,391,1.394247087,"[90, 270]"
1,0,200,390,1.375317063,"[90, 270]"
1,0,200,389,1.35272033,"[90, 270]"
1,0,200,388,1.322925355,"[90, 270]"
1,0,200,387,1.295514066,"[90, 270]"
1,0,200,386,1.268575313,"[90, 270]"
1,0,200,385,1.243990376,"[90, 270]"
1,0,200,384,1.222300638,"[90, 270]"
1,0,200,383,1.203323203,"[90, 270]"
1,0,200,382,1.185569768,"[90, 270]"
1,0,200,381,1.166876094,"[90, 270]"
1,0,200,380,1.145424172,"[90, 270]"
1,0,200,379,1.118625053,"[90, 270]"
1,0,200,378,1.095782345,"[90, 270]"
1,0,200,377,1.07164648,"[90, 270]"
1,0,200,376,1.050112265,"[90, 270]"
1,0,200,375,1.021429999,"[90, 270]"
1,0,200,374,0.991274203,"[90, 270]"
1,0,200,373,0.95840809,"[90, 270]"
1,0,200,372,0.925746959,"[90, 270]"
1,0,200,371,0.89500251,"[90, 270]"
1,0,200,370,0.867549144,"[90, 270]"
1,0,200,369,0.841891581,"[90, 270]"
1,0,200,368,0.817492645,"[90, 270]"
1,0,200,367,0.793713345,"[90, 270]"
1,0,200,366,0.772866698,"[90, 270]"
1,0,200,365,0.757734509,"[90, 270]"
1,0,200,364,0.750200991,"[90, 270]"
1,0,200,363,0.7489821,"[90, 270]"
1,0,200,362,0.751278118,"[90, 270]"
1,0,200,361,0.753984044,"[90, 270]"
1,0,200,360,0.753254182,"[90, 270]"
1,13,200,359,0.75141252,"[0, 90, 180, 270]"
1,0,201,359,0.742481791,"[0, 180]"
1,0,202,359,0.738096879,"[0, 180]"
1,0,203,359,0.725270376,"[0, 180]"
1,0,204,359,0.711541989,"[0, 180]"
1,0,205,359,0.699715575,"[0, 180]"
1,0,206,359,0.687387115,"[0, 180]"
1,0,207,359,0.666718038,"[0, 180]"
1,0,208,359,0.655490531,"[0, 180]"
1,0,209,359,0.635337714,"[0, 180]"
1,0,210,359,0.629909899,"[0, 180]"
1,0,211,359,0.62049883,"[0, 180]"
1,0,212,359,0.62391248,"[0, 180]"
1,0,213,359,0.621934057,"[0, 180]"
1,0,214,359,0.636125072,"[0, 180]"
1,0,215,359,1.0,"[0, 180]"
1,0,216,359,0.664380441,"[0, 180]"
1,0,217,359,0.697667647,"[0, 180]"
1,0,218,359,1.0,"[0, 180]"
1,0,219,359,0.749801529,"[0, 180]"
1,14,220,359,0.77727338,"[0, 90, 180, 270]"
1,0,220,360,0.784965402,"[90, 270]"
1,0,220,361,0.804713756,"[90, 270]"
1,0,220,362,0.814249332,"[90, 270]"
1,0,220,363,0.822928368,"[90, 270]"
1,0,220,364,0.82698779,"[90, 270]"
1,0,220,365,0.828649481,"[90, 270]"
1,0,220,366,0.828361954,"[90, 270]"
1,0,220,367,0.823093787,"[90, 270]"
1,0,220,368,0.81613157,"[90, 270]"
1,0,220,369,0.806001757,"[90, 270]"
1,0,220,370,0.797085351,"[90, 270]"
1,0,220,371,0.782757922,"[90, 270]"
1,0,220,372,0.784851155,"[90, 270]"
1,0,220,373,0.773765065,"[90, 270]"
1,0,220,374,0.773008994,"[90, 270]"
1,0,220,375,0.756384562,"[90, 270]"
1,0,220,376,0.753523211,"[90, 270]"
1,0,220,377,0.745368555,"[90, 270]"
1,0,220,378,0.739936853,"[90, 270]"
1,0,220,379,0.728688082,"[90, 270]"
1,0,220,380,0.724598987,"[90, 270]"
1,0,220,381,0.721691914,"[90, 270]"
1,0,220,382,0.72884568,"[90, 270]"
1,0,220,383,0.727395019,"[90, 270]"
1,0,220,384,0.73361314,"[90, 270]"
1,0,220,385,0.740043132,"[90, 270]"
1,0,220,386,0.753977254,"[90, 270]"
1,0,220,387,0.763819577,"[90, 270]"
1,0,220,388,0.775088866,"[90, 270]"
1,0,220,389,0.787065689,"[90, 270]"
1,0,220,390,0.796123661,"[90, 270]"
1,0,220,391,0.81172812,"[90, 270]"
1,0,220,392,0.826970106,"[90, 270]"
1,0,220,393,0.845952145,"[90, 270]"
1,0,220,394,0.85649095,"[90, 270]"
1,0,220,395,0.865463494,"[90, 270]"
1,0,220,396,0.854635764,"[90, 270]"
1,0,220,397,0.852789727,"[90, 270]"
1,0,220,398,0.819987598,"[90, 270]"
1,0,220,399,0.813918465,"[90, 270]"
1,0,220,400,0.791426213,"[90, 270]"
1,0,220,401,0.858228936,"[90, 270]"
1,19,220,402,0.92729603,"[0, 90, 180, 270]"
1,0,220,403,1.016994993,"[90, 270]"
1,0,220,404,1.051858205,"[90, 270]"
1,0,220,405,1.07700564,"[90, 270]"
1,0,220,406,1.089407769,"[90, 270]"
1,0,220,407,1.096337682,"[90, 270]"
1,0,220,408,1.09996909,"[90, 270]"
1,0,220,409,1.100961354,"[90, 270]"
1,0,220,410,1.100396089,"[90, 270]"
1,0,220,411,1.100471489,"[90, 270]"
1,0,220,412,1.096658516,"[90, 270]"
1,0,220,413,1.090471001,"[90, 270]"
1,0,220,414,1.079790903,"[90, 270]"
1,0,220,415,1.069212381,"[90, 270]"
1,0,220,416,1.057750657,"[90, 270]"
1,0,220,417,1.045992608,"[90, 270]"
1,0,220,418,1.034428653,"[90, 270]"
1,0,220,419,1.023504252,"[90, 270]"
1,0,220,420,1.014172581,"[90, 270]"
1,0,220,421,1.006582367,"[90, 270]"
1,0,220,422,1.000371943,"[90, 270]"
1,0,220,423,0.993961473,"[90, 270]"
1,17,220,424,0.988813295,"[0, 90, 180, 270]"
1,0,220,425,0.985281954,"[90, 270]"
1,0,220,426,0.98247505,"[90, 270]"
1,0,220,427,0.980227401,"[90, 270]"
1,0,220,428,0.97851349,"[90, 270]"
1,0,220,429,0.977630178,"[90, 270]"
1,0,220,430,0.977836734,"[90, 270]"
1,0,220,431,0.979456382,"[90, 270]"
1,0,220,432,0.982648623,"[90, 270]"
1,0,220,433,0.984572501,"[90, 270]"
1,0,220,434,0.989742781,"[90, 270]"
1,0,220,435,1.0,"[90, 270]"
1,0,220,436,1.004956945,"[90, 270]"
1,0,220,437,1.014526736,"[90, 270]"
1,0,220,438,1.017996736,"[90, 270]"
1,0,220,439,1.020048195,"[90, 270]"
1,0,220,440,1.020368738,"[90, 270]"
1,15,220,441,1.017511705,"[0, 90, 180, 270]"
1,0,220,442,1.032419657,"[90, 270]"
1,0,220,443,1.038473772,"[90, 270]"
1,0,220,444,1.040170936,"[90, 270]"
1,0,220,445,1.035061692,"[90, 270]"
1,0,220,446,1.030927526,"[90, 270]"
1,0,220,447,1.018347343,"[90, 270]"
1,0,220,448,1.004940224,"[90, 270]"
1,0,220,449,0.987546763,"[90, 270]"
1,0,220,450,0.967355897,"[90, 270]"
1,0,220,451,0.956172228,"[90, 270]"
1,0,220,452,0.939266719,"[90, 270]"
1,0,220,453,1.0,"[90, 270]"
1,0,220,454,0.922266055,"[90, 270]"
1,0,220,455,0.927763701,"[90, 270]"
1,0,220,456,0.940052951,"[90, 270]"
1,0,220,457,0.95684683,"[90, 270]"
1,0,220,458,0.974976456,"[90, 270]"
1,0,220,459,1.025996157,"[90, 270]"
1,0,220,460,1.049860023,"[90, 270]"
1,0,220,461,1.077022736,"[90, 270]"
1,0,220,462,1.069793052,"[90, 270]"
1,0,220,463,1.093963158,"[90, 270]"
1,0,220,464,1.123284368,"[90, 270]"
1,10,220,465,1.145388932,"[169, 90, 349, 270]"
1,0,219,465,1.16223966,"[169, 349]"
1,0,218,465,1.184338398,"[169, 349]"
1,0,217,466,1.224607725,"[169, 349]"
1,0,216,466,1.25178125,"[169, 349]"
1,0,215,466,1.24971125,"[169, 349]"
1,0,214,466,1.2779235,"[169, 349]"
1,0,213,466,1.28857695,"[169, 349]"
1,0,212,467,1.33211039,"[169, 349]"
1,0,211,467,1.338617078,"[169, 349]"
1,0,210,467,1.338319513,"[169, 349]"
1,0,209,467,1.324083416,"[169, 349]"
1,0,208,467,1.313786683,"[169, 349]"
1,0,207,468,1.325987337,"[169, 349]"
1,0,206,468,1.355567467,"[169, 349]"
1,0,205,468,1.371710961,"[169, 349]"
1,0,204,468,1.381992167,"[169, 349]"
1,0,203,468,1.40289024,"[169, 349]"
1,0,202,469,1.394448498,"[169, 349]"
1,0,201,469,1.332097491,"[169, 349]"
1,0,220,358,0.774833385,"[90, 270]"
1,0,220,357,0.787775353,"[90, 270]"
1,0,220,356,0.793903748,"[90, 270]"
1,0,220,355,0.79817382,"[90, 270]"
1,0,220,354,0.799141514,"[90, 270]"
1,0,220,353,0.798131067,"[90, 270]"
1,0,220,352,0.796198516,"[90, 270]"
1,0,220,351,0.793549917,"[90, 270]"
1,0,220,350,0.792815687,"[90, 270]"
1,0,220,349,0.795885121,"[90, 270]"
1,0,220,348,0.804370161,"[90, 270]"
1,0,220,347,0.818097056,"[90, 270]"
1,0,220,346,0.836155444,"[90, 270]"
1,0,220,345,0.8585485,"[90, 270]"
1,0,220,344,0.884100789,"[90, 270]"
1,0,220,343,0.911779858,"[90, 270]"
1,0,220,342,0.939466129,"[90, 270]"
1,0,220,341,0.966453197,"[90, 270]"
1,0,220,340,0.991529865,"[90, 270]"
1,0,220,339,1.015336613,"[90, 270]"
1,0,220,338,1.038193296,"[90, 270]"
1,0,220,337,1.060385982,"[90, 270]"
1,0,220,336,1.080215855,"[90, 270]"
1,0,220,335,1.096940367,"[90, 270]"
1,0,220,334,1.109651245,"[90, 270]"
1,0,220,333,1.118478322,"[90, 270]"
1,0,220,332,1.123465913,"[90, 270]"
1,0,220,331,1.125508847,"[90, 270]"
1,0,220,330,1.125274952,"[90, 270]"
1,0,220,329,1.12265676,"[90, 270]"
1,0,220,328,1.117966342,"[90, 270]"
1,0,220,327,1.11178462,"[90, 270]"
1,0,220,326,1.106070193,"[90, 270]"
1,0,220,325,1.101310963,"[90, 270]"
1,0,220,324,1.096496231,"[90, 270]"
1,0,220,323,1.090241439,"[90, 270]"
1,0,220,322,1.081507534,"[90, 270]"
1,0,220,321,1.070309795,"[90, 270]"
1,0,220,320,1.057223466,"[90, 270]"
1,0,220,319,1.042446652,"[90, 270]"
1,0,220,318,1.027608024,"[90, 270]"
1,0,220,317,1.013836935,"[90, 270]"
1,0,220,316,1.001690992,"[90, 270]"
1,0,220,315,0.990235585,"[90, 270]"
1,0,220,314,0.978117315,"[90, 270]"
1,0,220,313,0.96492058,"[90, 270]"
1,0,220,312,0.952197579,"[90, 270]"
1,0,220,311,0.939217632,"[90, 270]"
1,0,220,310,0.927629042,"[90, 270]"
1,0,220,309,0.917861335,"[90, 270]"
1,0,220,308,0.913500075,"[90, 270]"
1,0,220,307,0.915958282,"[90, 270]"
1,0,220,306,0.925761671,"[90, 270]"
1,0,220,305,0.940773991,"[90, 270]"
1,0,220,304,0.957539132,"[90, 270]"
1,0,220,303,0.972256625,"[90, 270]"
1,0,220,302,0.986685151,"[90, 270]"
1,0,220,301,1.001322355,"[90, 270]"
1,0,220,300,1.018681501,"[90, 270]"
1,0,220,299,1.035580771,"[90, 270]"
1,0,220,298,1.050732455,"[90, 270]"
1,21,220,297,1.063422645,"[0, 90, 180, 270]"
1,0,221,297,1.07659102,"[0, 180]"
1,0,222,297,1.093522733,"[0, 180]"
1,0,223,297,1.115482751,"[0, 180]"
1,0,224,297,1.127326371,"[0, 180]"
1,0,225,297,1.15417728,"[0, 180]"
1,0,226,297,1.0,"[0, 180]"
1,0,227,297,1.21926932,"[0, 180]"
1,0,228,297,1.25361733,"[0, 180]"
1,0,229,297,1.26225733,"[0, 180]"
1,0,230,297,1.276454932,"[0, 180]"
1,0,231,297,1.287782452,"[0, 180]"
1,0,232,297,1.301067477,"[0, 180]"
1,0,233,297,1.316269986,"[0, 180]"
1,0,234,297,1.330927493,"[0, 180]"
1,0,235,297,1.344119496,"[0, 180]"
1,0,236,297,1.350136747,"[0, 180]"
1,0,237,297,1.356014061,"[0, 180]"
1,0,238,297,1.0,"[0, 180]"
1,0,239,297,1.349628515,"[0, 180]"
1,0,240,297,1.331857129,"[0, 180]"
1,0,241,297,1.315377129,"[0, 180]"
1,0,242,297,1.290906852,"[0, 180]"
1,0,243,297,1.265596796,"[0, 180]"
1,0,244,297,1.23970073,"[0, 180]"
1,0,245,297,1.212359505,"[0, 180]"
1,0,246,297,1.184392047,"[0, 180]"
1,0,247,297,1.15539031,"[0, 180]"
1,0,248,297,1.141345589,"[0, 180]"
1,0,249,297,1.116033975,"[0, 180]"
1,0,250,297,1.0,"[0, 180]"
1,0,251,297,1.055383494,"[0, 180]"
1,0,252,297,1.017433373,"[0, 180]"
1,22,253,297,1.001385373,"[0, 180, 270]"
1,0,254,297,0.978745749,"[0, 180]"
1,0,255,297,0.963974225,"[0, 180]"
1,0,256,297,0.955377995,"[0, 180]"
1,0,257,297,0.959652444,"[0, 180]"
1,37,258,297,0.979052088,"[0, 90, 180]"
1,0,259,297,1.018028906,"[0, 180]"
1,0,260,297,1.040145249,"[0, 180]"
1,0,261,297,1.091068539,"[0, 180]"
1,0,262,297,1.0,"[0, 180]"
1,0,263,297,1.201817135,"[0, 180]"
1,0,264,297,1.272779284,"[0, 180]"
1,0,265,297,1.311279284,"[0, 180]"
1,0,266,297,1.299580213,"[0, 180]"
1,0,267,297,1.2145345,"[0, 180]"
1,23,268,297,1.129870316,"[0, 90, 180, 270]"
1,0,268,298,1.116409136,"[90, 270]"
1,0,268,299,1.11864089,"[90, 270]"
1,0,268,300,1.116235505,"[90, 270]"
1,0,268,301,1.116640279,"[90, 270]"
1,0,268,302,1.118399157,"[90, 270]"
1,0,268,303,1.121631887,"[90, 270]"
1,0,268,304,1.140387709,"[90, 270]"
1,0,268,305,1.145340419,"[90, 270]"
1,0,268,306,1.150410626,"[90, 270]"
1,0,268,307,1.137600209,"[90, 270]"
1,0,268,308,1.122302167,"[90, 270]"
1,0,268,309,1.115970475,"[90, 270]"
1,0,268,310,1.109724528,"[90, 270]"
1,0,268,311,1.118740001,"[90, 270]"
1,0,268,312,1.116090406,"[90, 270]"
1,0,268,313,1.114184081,"[90, 270]"
1,0,268,314,1.123984397,"[90, 270]"
1,0,268,315,1.101390696,"[90, 270]"
1,0,268,316,1.103196519,"[90, 270]"
1,0,268,317,1.090198193,"[90, 270]"
1,0,268,318,1.119229936,"[90, 270]"
1,0,268,319,1.128252889,"[90, 270]"
1,0,268,320,1.144752078,"[90, 270]"
1,0,268,321,1.157005993,"[90, 270]"
1,0,268,322,1.172061614,"[90, 270]"
1,0,268,323,1.186903521,"[90, 270]"
1,0,268,324,1.202378027,"[90, 270]"
1,0,268,325,1.21832631,"[90, 270]"
1,0,268,326,1.244455867,"[90, 270]"
1,0,268,327,1.267726435,"[90, 270]"
1,0,268,328,1.289921461,"[90, 270]"
1,0,268,329,1.305403809,"[90, 270]"
1,0,268,330,1.321009292,"[90, 270]"
1,0,268,331,1.340211858,"[90, 270]"
1,0,268,332,1.35866423,"[90, 270]"
1,0,268,333,1.355205218,"[90, 270]"
1,0,268,334,1.36666389,"[90, 270]"
1,0,268,335,1.374613821,"[90, 270]"
1,0,268,336,1.404095542,"[90, 270]"
1,0,268,337,1.413911873,"[90, 270]"
1,0,268,338,1.422196483,"[90, 270]"
1,0,268,339,1.425281671,"[90, 270]"
1,0,268,340,1.426585631,"[90, 270]"
1,0,268,341,1.42622346,"[90, 270]"
1,0,268,342,1.424836818,"[90, 270]"
1,0,268,343,1.432504556,"[90, 270]"
1,0,268,344,1.430265775,"[90, 270]"
1,0,268,345,1.437281566,"[90, 270]"
1,0,268,346,1.423409468,"[90, 270]"
1,0,268,347,1.418538207,"[90, 270]"
1,0,268,348,1.402024535,"[90, 270]"
1,0,268,349,1.395817548,"[90, 270]"
1,0,268,350,1.389243417,"[90, 270]"
1,0,268,351,1.357372193,"[90, 270]"
1,0,268,352,1.348453122,"[90, 270]"
1,0,268,353,1.327251613,"[90, 270]"
1,0,268,354,1.344610624,"[90, 270]"
1,0,268,355,1.345822125,"[90, 270]"
1,0,268,356,1.36975655,"[90, 270]"
1,0,268,357,1.376650735,"[90, 270]"
1,0,268,358,1.382841457,"[90, 270]"
1,0,268,359,1.383598438,"[90, 270]"
1,0,268,360,1.384457979,"[90, 270]"
1,0,268,361,1.382241283,"[90, 270]"
1,0,268,362,1.380234853,"[90, 270]"
1,0,268,363,1.376800227,"[90, 270]"
1,0,268,364,1.376392016,"[90, 270]"
1,0,268,365,1.377168449,"[90, 270]"
1,0,268,366,1.378807093,"[90, 270]"
1,0,268,367,1.380275108,"[90, 270]"
1,0,268,368,1.38073644,"[90, 270]"
1,0,268,369,1.37957731,"[90, 270]"
1,0,268,370,1.37659275,"[90, 270]"
1,0,268,371,1.371789012,"[90, 270]"
1,0,268,372,1.365386352,"[90, 270]"
1,0,268,373,1.342915073,"[90, 270]"
1,0,268,374,1.332825285,"[90, 270]"
1,0,268,375,1.322833072,"[90, 270]"
1,0,268,376,1.331361671,"[90, 270]"
1,0,268,377,1.328643949,"[90, 270]"
1,0,268,378,1.327316124,"[90, 270]"
1,0,268,379,1.322822015,"[90, 270]"
1,0,268,380,1.315957628,"[90, 270]"
1,0,268,381,1.305875928,"[90, 270]"
1,0,268,382,1.292816711,"[90, 270]"
1,0,268,383,1.263673528,"[90, 270]"
1,0,268,384,1.245373048,"[90, 270]"
1,0,268,385,1.226044315,"[90, 270]"
1,0,268,386,1.222773473,"[90, 270]"
1,0,268,387,1.207858558,"[90, 270]"
1,0,268,388,1.195236406,"[90, 270]"
1,0,268,389,1.182948993,"[90, 270]"
1,0,268,390,1.17347208,"[90, 270]"
1,0,268,391,1.166079214,"[90, 270]"
1,0,268,392,1.160472759,"[90, 270]"
1,0,268,393,1.156072895,"[90, 270]"
1,0,268,394,1.142894631,"[90, 270]"
1,0,268,395,1.138253005,"[90, 270]"
1,0,268,396,1.135647027,"[90, 270]"
1,0,268,397,1.147900506,"[90, 270]"
1,0,268,398,1.156775507,"[90, 270]"
1,0,268,399,1.169506703,"[90, 270]"
1,0,268,400,1.183226442,"[90, 270]"
1,0,268,401,1.198541129,"[90, 270]"
1,0,268,402,1.214176014,"[90, 270]"
1,0,268,403,1.229329429,"[90, 270]"
1,0,268,404,1.242466589,"[90, 270]"
1,0,268,405,1.253856203,"[90, 270]"
1,0,268,406,1.263108558,"[90, 270]"
1,0,268,407,1.271135952,"[90, 270]"
1,0,268,408,1.277938902,"[90, 270]"
1,0,268,409,1.305864971,"[90, 270]"
1,0,268,410,1.316780775,"[90, 270]"
1,0,268,411,1.313635826,"[90, 270]"
1,0,268,412,1.272311155,"[90, 270]"
1,0,268,413,1.268672231,"[90, 270]"
1,0,268,414,1.306981677,"[90, 270]"
1,0,268,415,1.323175782,"[90, 270]"
1,0,268,416,1.343071492,"[90, 270]"
1,0,268,417,1.357714455,"[90, 270]"
1,0,268,418,1.369057189,"[90, 270]"
1,0,268,419,1.374734329,"[90, 270]"
1,0,268,420,1.384928304,"[90, 270]"
1,0,268,421,1.381527526,"[90, 270]"
1,0,268,422,1.373556166,"[90, 270]"
1,0,268,423,1.349167239,"[90, 270]"
1,0,268,424,1.327191181,"[90, 270]"
1,0,268,425,1.299066184,"[90, 270]"
1,0,268,426,1.267094473,"[90, 270]"
1,0,268,427,1.230628131,"[90, 270]"
1,0,268,428,1.177043521,"[90, 270]"
1,0,268,429,1.13486933,"[90, 270]"
1,0,268,430,1.09031507,"[90, 270]"
1,0,268,431,1.06011538,"[90, 270]"
1,0,268,432,1.01748309,"[90, 270]"
1,0,268,433,0.980361194,"[90, 270]"
1,0,268,434,0.949741357,"[90, 270]"
1,0,268,435,0.94796051,"[90, 270]"
1,0,268,436,0.939367873,"[90, 270]"
1,0,268,437,0.955341945,"[90, 270]"
1,0,268,438,0.947150075,"[90, 270]"
1,0,268,439,0.945051265,"[90, 270]"
1,0,268,440,0.925460952,"[90, 270]"
1,16,268,441,0.907352727,"[0, 90, 180, 270]"
1,0,268,442,0.894803738,"[90, 270]"
1,0,268,443,0.893555668,"[90, 270]"
1,0,268,444,0.885809853,"[90, 270]"
1,0,268,445,0.887005509,"[90, 270]"
1,0,268,446,0.882481227,"[90, 270]"
1,0,268,447,0.899421097,"[90, 270]"
1,0,268,448,0.92466809,"[90, 270]"
1,0,268,449,0.985708962,"[90, 270]"
1,0,268,450,1.019776785,"[90, 270]"
1,0,268,451,1.0540574,"[90, 270]"
1,0,268,452,1.056701962,"[90, 270]"
1,0,268,453,1.089041872,"[90, 270]"
1,0,268,454,1.116416517,"[90, 270]"
1,0,268,455,1.104929211,"[90, 270]"
1,11,268,456,1.128401371,"[0, 169, 270, 180, 90, 349]"
1,0,269,456,1.033524116,"[0, 180]"
1,0,270,456,1.0,"[0, 180]"
1,0,271,456,0.885434779,"[0, 180]"
1,0,272,456,0.849486195,"[0, 180]"
1,0,273,456,0.857702195,"[0, 180]"
1,0,274,456,0.856006678,"[0, 180]"
1,0,275,456,0.862194535,"[0, 180]"
1,0,276,456,0.857737336,"[0, 180]"
1,0,277,456,0.863886467,"[0, 180]"
1,0,278,456,0.865808761,"[0, 180]"
1,0,279,456,0.871699106,"[0, 180]"
1,0,280,456,0.864362752,"[0, 180]"
1,0,281,456,0.87351755,"[0, 180]"
1,0,282,456,0.882183826,"[0, 180]"
1,0,283,456,0.896542844,"[0, 180]"
1,0,284,456,1.0,"[0, 180]"
1,0,285,456,0.919378211,"[0, 180]"
1,12,286,456,0.929420803,"[0, 90, 180, 270]"
1,0,286,455,0.933403803,"[90, 270]"
1,0,286,454,0.941477921,"[90, 270]"
1,0,286,453,0.948512345,"[90, 270]"
1,0,286,452,0.955860053,"[90, 270]"
1,0,286,451,0.96183248,"[90, 270]"
1,0,286,450,0.967366507,"[90, 270]"
1,0,286,449,0.972455797,"[90, 270]"
1,0,286,448,0.979004461,"[90, 270]"
1,0,286,447,0.994405052,"[90, 270]"
1,0,286,446,1.001647902,"[90, 270]"
1,0,286,445,1.02941457,"[90, 270]"
1,0,286,444,1.03689158,"[90, 270]"
1,0,286,443,1.070828316,"[90, 270]"
1,0,286,442,1.098823979,"[90, 270]"
1,0,286,441,1.131250459,"[90, 270]"
1,0,286,440,1.159984888,"[90, 270]"
1,0,286,439,1.186447069,"[90, 270]"
1,0,286,438,1.209556391,"[90, 270]"
1,0,286,437,1.228090692,"[90, 270]"
1,0,286,436,1.241179417,"[90, 270]"
1,0,286,435,1.249774022,"[90, 270]"
1,0,286,434,1.255750688,"[90, 270]"
1,0,286,433,1.260204942,"[90, 270]"
1,0,286,432,1.263281126,"[90, 270]"
1,0,286,431,1.264517214,"[90, 270]"
1,0,286,430,1.264039668,"[90, 270]"
1,0,286,429,1.261781376,"[90, 270]"
1,0,286,428,1.257974209,"[90, 270]"
1,0,286,427,1.252601117,"[90, 270]"
1,0,286,426,1.234785065,"[90, 270]"
1,0,286,425,1.226487236,"[90, 270]"
1,0,286,424,1.215283448,"[90, 270]"
1,0,286,423,1.219337447,"[90, 270]"
1,0,286,422,1.220207489,"[90, 270]"
1,0,286,421,1.232678987,"[90, 270]"
1,0,286,420,1.251317295,"[90, 270]"
1,0,286,419,1.261969257,"[90, 270]"
1,0,286,418,1.27391731,"[90, 270]"
1,0,286,417,1.274417313,"[90, 270]"
1,0,286,416,1.286746925,"[90, 270]"
1,0,286,415,1.299752848,"[90, 270]"
1,0,286,414,1.316009954,"[90, 270]"
1,0,286,413,1.33332256,"[90, 270]"
1,0,286,412,1.351076503,"[90, 270]"
1,0,286,411,1.367939813,"[90, 270]"
1,0,286,410,1.382683263,"[90, 270]"
1,0,286,409,1.395314615,"[90, 270]"
1,0,286,408,1.405989576,"[90, 270]"
1,0,286,407,1.415630838,"[90, 270]"
1,0,286,406,1.416254083,"[90, 270]"
1,0,286,405,1.421606984,"[90, 270]"
1,0,286,404,1.419305749,"[90, 270]"
1,0,286,403,1.429381397,"[90, 270]"
1,0,286,402,1.429186279,"[90, 270]"
1,0,286,401,1.430943535,"[90, 270]"
1,0,286,400,1.425475963,"[90, 270]"
1,0,286,399,1.4181639,"[90, 270]"
1,0,286,398,1.409427973,"[90, 270]"
1,0,286,397,1.400978374,"[90, 270]"
1,0,286,396,1.392981269,"[90, 270]"
1,0,286,395,1.385471929,"[90, 270]"
1,0,286,394,1.38662064,"[90, 270]"
1,0,286,393,1.381488514,"[90, 270]"
1,0,286,392,1.376381831,"[90, 270]"
1,0,286,391,1.360004069,"[90, 270]"
1,0,286,390,1.34704718,"[90, 270]"
1,0,286,389,1.33032025,"[90, 270]"
1,0,286,388,1.313373486,"[90, 270]"
1,0,286,387,1.296888747,"[90, 270]"
1,0,286,386,1.281172447,"[90, 270]"
1,0,286,385,1.267392239,"[90, 270]"
1,0,286,384,1.254612937,"[90, 270]"
1,0,286,383,1.242212056,"[90, 270]"
1,0,286,382,1.230012587,"[90, 270]"
1,0,286,381,1.216242517,"[90, 270]"
1,0,286,380,1.201451021,"[90, 270]"
1,0,286,379,1.185998708,"[90, 270]"
1,0,286,378,1.170629946,"[90, 270]"
1,0,286,377,1.156205731,"[90, 270]"
1,0,286,376,1.143207135,"[90, 270]"
1,0,286,375,1.132122573,"[90, 270]"
1,0,286,374,1.124125942,"[90, 270]"
1,0,286,373,1.120379703,"[90, 270]"
1,0,286,372,1.120601129,"[90, 270]"
1,0,286,371,1.124076166,"[90, 270]"
1,0,286,370,1.130755459,"[90, 270]"
1,0,286,369,1.141246325,"[90, 270]"
1,0,286,368,1.148710357,"[90, 270]"
1,0,286,367,1.162091336,"[90, 270]"
1,0,286,366,1.175340339,"[90, 270]"
1,0,286,365,1.196296335,"[90, 270]"
1,0,286,364,1.213687335,"[90, 270]"
1,0,286,363,1.234826734,"[90, 270]"
1,0,286,362,1.250902814,"[90, 270]"
1,0,286,361,1.266671245,"[90, 270]"
1,0,286,360,1.277930563,"[90, 270]"
1,0,286,359,1.288596113,"[90, 270]"
1,0,286,358,1.292735335,"[90, 270]"
1,0,286,357,1.29607629,"[90, 270]"
1,0,286,356,1.295282325,"[90, 270]"
1,0,286,355,1.291181723,"[90, 270]"
1,0,286,354,1.28373281,"[90, 270]"
1,0,286,353,1.274052906,"[90, 270]"
1,0,286,352,1.263177143,"[90, 270]"
1,0,286,351,1.25159601,"[90, 270]"
1,0,286,350,1.240494631,"[90, 270]"
1,0,286,349,1.230308128,"[90, 270]"
1,0,286,348,1.222060552,"[90, 270]"
1,0,286,347,1.215273736,"[90, 270]"
1,0,286,346,1.209226858,"[90, 270]"
1,0,286,345,1.201560119,"[90, 270]"
1,0,286,344,1.194107395,"[90, 270]"
1,0,286,343,1.185183503,"[90, 270]"
1,0,286,342,1.17681818,"[90, 270]"
1,0,286,341,1.167180336,"[90, 270]"
1,0,286,340,1.159759703,"[90, 270]"
1,0,286,339,1.155188008,"[90, 270]"
1,0,286,338,1.154789542,"[90, 270]"
1,0,286,337,1.15826551,"[90, 270]"
1,0,286,336,1.16513101,"[90, 270]"
1,0,286,335,1.174479304,"[90, 270]"
1,0,286,334,1.184962063,"[90, 270]"
1,0,286,333,1.192028273,"[90, 270]"
1,0,286,332,1.202278067,"[90, 270]"
1,0,286,331,1.208621268,"[90, 270]"
1,0,286,330,1.216334867,"[90, 270]"
1,0,286,329,1.217266227,"[90, 270]"
1,0,286,328,1.218975219,"[90, 270]"
1,0,286,327,1.220398289,"[90, 270]"
1,0,286,326,1.222924702,"[90, 270]"
1,0,286,325,1.226454598,"[90, 270]"
1,0,286,324,1.22775586,"[90, 270]"
1,0,286,323,1.231212092,"[90, 270]"
1,0,286,322,1.23405359,"[90, 270]"
1,0,286,321,1.239313136,"[90, 270]"
1,0,286,320,1.240593345,"[90, 270]"
1,0,286,319,1.239631296,"[90, 270]"
1,0,286,318,1.234954928,"[90, 270]"
1,0,286,317,1.227057245,"[90, 270]"
1,0,286,316,1.216412435,"[90, 270]"
1,0,286,315,1.204193936,"[90, 270]"
1,0,286,314,1.191371274,"[90, 270]"
1,0,286,313,1.177383042,"[90, 270]"
1,0,286,312,1.161670863,"[90, 270]"
1,0,286,311,1.148700781,"[90, 270]"
1,0,286,310,1.128824329,"[90, 270]"
1,0,286,309,1.108213022,"[90, 270]"
1,0,286,308,1.08111847,"[90, 270]"
1,0,286,307,1.043935298,"[90, 270]"
1,0,286,306,1.037021754,"[90, 270]"
1,0,286,305,1.01915541,"[90, 270]"
1,0,286,304,1.027341353,"[90, 270]"
1,0,286,303,1.006322582,"[90, 270]"
1,0,286,302,0.987707016,"[90, 270]"
1,0,286,301,0.95414042,"[90, 270]"
1,0,286,300,0.926353487,"[90, 270]"
1,0,286,299,0.908635781,"[90, 270]"
1,0,286,298,0.897671854,"[90, 270]"
1,24,286,297,0.893613159,"[0, 90, 180, 270]"
1,0,285,297,0.891862503,"[180, 0]"
1,0,284,297,1.0,"[180, 0]"
1,0,283,297,0.890266876,"[180, 0]"
1,0,282,297,0.904620469,"[180, 0]"
1,0,281,297,0.913032469,"[180, 0]"
1,0,280,297,0.935516466,"[180, 0]"
1,0,279,297,0.947299494,"[180, 0]"
1,0,278,297,0.963399899,"[180, 0]"
1,0,277,297,0.971480794,"[180, 0]"
1,0,276,297,0.98275298,"[180, 0]"
1,0,275,297,0.991261596,"[180, 0]"
1,0,274,297,0.993771915,"[180, 0]"
1,0,273,297,1.001396754,"[180, 0]"
1,0,272,297,1.003929383,"[180, 0]"
1,0,271,297,1.008120877,"[180, 0]"
1,0,270,297,1.051792276,"[180, 0]"
1,0,269,297,1.083340805,"[180, 0]"
1,0,267,456,1.16125094,"[169, 349]"
1,0,266,456,1.207819328,"[169, 349]"
1,0,265,457,1.251736082,"[169, 349]"
1,0,264,457,1.24905902,"[169, 349]"
1,0,263,457,1.23658902,"[169, 349]"
1,0,262,457,1.205409608,"[169, 349]"
1,0,261,457,1.192530907,"[169, 349]"
1,0,260,457,1.169757004,"[169, 349]"
1,0,259,458,1.1434875,"[169, 349]"
1,0,258,458,1.135609375,"[169, 349]"
1,0,257,458,1.130439375,"[169, 349]"
1,0,256,458,1.13345475,"[169, 349]"
1,0,255,458,1.129958825,"[169, 349]"
1,0,254,459,1.118586765,"[169, 349]"
1,0,253,459,1.109277353,"[169, 349]"
1,0,252,459,1.090222824,"[169, 349]"
1,0,251,459,1.082981294,"[169, 349]"
1,0,250,459,1.062705404,"[169, 349]"
1,0,249,459,1.0,"[169, 349]"
1,0,248,460,1.036301432,"[169, 349]"
1,0,247,460,1.035893432,"[169, 349]"
1,0,246,460,1.052411973,"[169, 349]"
1,0,245,460,1.046434081,"[169, 349]"
1,0,244,460,1.046250711,"[169, 349]"
1,0,244,461,1.019575458,"[169, 349]"
1,0,243,461,1.0246075,"[169, 349]"
1,0,242,461,0.997985,"[169, 349]"
1,0,241,461,1.001472,"[169, 349]"
1,0,240,461,0.9902064,"[169, 349]"
1,0,239,462,0.986651037,"[169, 349]"
1,0,238,462,0.992276336,"[169, 349]"
1,0,237,462,1.000978267,"[169, 349]"
1,0,236,462,1.021550921,"[169, 349]"
1,0,235,462,1.030895838,"[169, 349]"
1,0,234,462,1.045449352,"[169, 349]"
1,0,233,463,1.06032987,"[169, 349]"
1,0,232,463,1.066155974,"[169, 349]"
1,0,231,463,1.078392169,"[169, 349]"
1,0,230,463,1.082924536,"[169, 349]"
1,0,229,463,1.089966676,"[169, 349]"
1,0,228,464,1.095529794,"[169, 349]"
1,0,227,464,1.09416875,"[169, 349]"
1,0,226,464,1.09658375,"[169, 349]"
1,0,225,464,1.1079555,"[169, 349]"
1,0,224,464,1.10603285,"[169, 349]"
1,0,223,464,1.10983267,"[169, 349]"
1,0,222,465,1.11104932,"[169, 349]"
1,0,221,465,1.12128538,"[169, 349]"
1,0,221,441,0.995501683,"[0, 180]"
1,0,222,441,0.971271678,"[0, 180]"
1,0,223,441,0.965504672,"[0, 180]"
1,0,224,441,0.95797327,"[0, 180]"
1,0,225,441,0.948998588,"[0, 180]"
1,0,226,441,0.936816372,"[0, 180]"
1,0,227,441,0.927834178,"[0, 180]"
1,0,228,441,0.926328274,"[0, 180]"
1,0,229,441,0.922767655,"[0, 180]"
1,0,230,441,0.928956186,"[0, 180]"
1,0,231,441,0.937341768,"[0, 180]"
1,0,232,441,0.953022591,"[0, 180]"
1,0,233,441,0.968500872,"[0, 180]"
1,0,234,441,0.983136693,"[0, 180]"
1,0,235,441,0.992539513,"[0, 180]"
1,0,236,441,0.999499241,"[0, 180]"
1,0,237,441,0.999418751,"[0, 180]"
1,0,238,441,0.996858598,"[0, 180]"
1,0,239,441,0.98526347,"[0, 180]"
1,0,240,441,0.97111594,"[0, 180]"
1,0,241,441,0.951849694,"[0, 180]"
1,0,242,441,0.930687939,"[0, 180]"
1,0,243,441,0.911100527,"[0, 180]"
1,0,244,441,0.897016693,"[0, 180]"
1,0,245,441,0.888690444,"[0, 180]"
1,0,246,441,0.879171427,"[0, 180]"
1,0,247,441,0.872121374,"[0, 180]"
1,0,248,441,0.86720356,"[0, 180]"
1,0,249,441,0.865545987,"[0, 180]"
1,0,250,441,0.869845909,"[0, 180]"
1,0,251,441,0.875757379,"[0, 180]"
1,0,252,441,0.888122612,"[0, 180]"
1,0,253,441,0.895561476,"[0, 180]"
1,0,254,441,0.910858295,"[0, 180]"
1,0,255,441,0.927963954,"[0, 180]"
1,0,256,441,0.94473245,"[0, 180]"
1,0,257,441,0.959393281,"[0, 180]"
1,0,258,441,0.970203146,"[0, 180]"
1,0,259,441,0.976926285,"[0, 180]"
1,0,260,441,0.979462886,"[0, 180]"
1,0,261,441,0.983448834,"[0, 180]"
1,0,262,441,0.981499344,"[0, 180]"
1,0,263,441,0.976006764,"[0, 180]"
1,0,264,441,0.966408869,"[0, 180]"
1,0,265,441,0.951716774,"[0, 180]"
1,0,266,441,0.933606674,"[0, 180]"
1,0,267,441,0.920426811,"[0, 180]"
1,0,250,460,1.0,"[169, 349]"
1,0,249,460,1.039735726,"[169, 349]"
1,0,223,465,1.103240044,"[169, 349]"
1,0,213,467,1.321165584,"[169, 349]"
1,0,208,468,1.336024981,"[169, 349]"
1,0,264,190,0.525513438,"[90, 270]"
1,0,264,191,0.538579375,"[90, 270]"
1,0,264,192,0.549874875,"[90, 270]"
1,0,264,193,0.5679996,"[90, 270]"
1,0,264,194,0.585316395,"[90, 270]"
1,0,264,195,0.602950199,"[90, 270]"
1,0,264,196,0.622797569,"[90, 270]"
1,0,264,197,0.636200429,"[90, 270]"
1,0,264,198,0.650843974,"[90, 270]"
1,0,264,199,0.661687256,"[90, 270]"
1,0,264,200,0.674707496,"[90, 270]"
1,0,264,201,0.66889295,"[90, 270]"
1,0,264,202,0.675539839,"[90, 270]"
1,0,264,203,0.679315995,"[90, 270]"
1,0,264,204,0.704499604,"[90, 270]"
1,0,264,205,0.711842682,"[90, 270]"
1,0,264,206,0.718533332,"[90, 270]"
1,0,264,207,0.717326078,"[90, 270]"
1,0,264,208,0.724855507,"[90, 270]"
1,0,264,209,0.724514192,"[90, 270]"
1,0,264,210,0.722724815,"[90, 270]"
1,0,264,211,0.713262176,"[90, 270]"
1,0,264,212,0.708292773,"[90, 270]"
1,0,264,213,0.70081599,"[90, 270]"
1,0,264,214,0.696662378,"[90, 270]"
1,0,264,215,0.689046049,"[90, 270]"
1,0,264,216,0.68118981,"[90, 270]"
1,0,264,217,0.676050672,"[90, 270]"
1,0,264,218,0.666480721,"[90, 270]"
1,0,264,219,0.657584029,"[90, 270]"
1,0,264,220,0.641217325,"[90, 270]"
1,0,264,221,0.631754771,"[90, 270]"
1,0,264,222,0.621737794,"[90, 270]"
1,0,264,223,0.616893763,"[90, 270]"
1,0,264,224,0.608035436,"[90, 270]"
1,0,264,225,0.59885059,"[90, 270]"
1,0,264,226,0.58603583,"[90, 270]"
1,0,264,227,0.577800784,"[90, 270]"
1,0,264,228,0.571462823,"[90, 270]"
1,0,264,229,0.567091221,"[90, 270]"
1,28,264,230,0.561748809,"[0, 90, 180, 270]"
1,0,265,230,0.562056099,"[0, 180]"
1,0,266,230,0.558871012,"[0, 180]"
1,0,267,230,0.560676952,"[0, 180]"
1,0,268,230,0.560756537,"[0, 180]"
1,0,269,230,0.559041515,"[0, 180]"
1,0,270,230,0.561005706,"[0, 180]"
1,0,271,230,0.560235178,"[0, 180]"
1,0,272,230,0.562083709,"[0, 180]"
1,0,273,230,0.561889786,"[0, 180]"
1,0,274,230,0.563262957,"[0, 180]"
1,0,275,230,0.562033076,"[0, 180]"
1,0,276,230,0.566095716,"[0, 180]"
1,0,277,230,0.56768192,"[0, 180]"
1,0,278,230,0.563421268,"[0, 180]"
1,0,279,230,0.579475115,"[0, 180]"
1,0,280,230,0.572545254,"[0, 180]"
1,0,281,230,0.593266551,"[0, 180]"
1,0,282,230,0.601372361,"[0, 180]"
1,29,283,230,0.615144282,"[0, 90, 180, 270]"
1,0,283,229,0.630405829,"[90, 270]"
1,0,283,228,0.647762772,"[90, 270]"
1,0,283,227,0.66663097,"[90, 270]"
1,0,283,226,0.683733498,"[90, 270]"
1,0,283,225,0.700622802,"[90, 270]"
1,0,283,224,0.71555045,"[90, 270]"
1,0,283,223,0.72994659,"[90, 270]"
1,0,283,222,0.741297283,"[90, 270]"
1,0,283,221,0.752219775,"[90, 270]"
1,0,283,220,0.762052411,"[90, 270]"
1,0,283,219,0.771476437,"[90, 270]"
1,0,283,218,0.78063127,"[90, 270]"
1,0,283,217,0.789341291,"[90, 270]"
1,0,283,216,0.797496262,"[90, 270]"
1,0,283,215,0.804756136,"[90, 270]"
1,0,283,214,0.811264605,"[90, 270]"
1,0,283,213,0.816722523,"[90, 270]"
1,0,283,212,0.821408176,"[90, 270]"
1,0,283,211,0.82763489,"[90, 270]"
1,0,283,210,0.831893363,"[90, 270]"
1,0,283,209,0.836069151,"[90, 270]"
1,0,283,208,0.837743753,"[90, 270]"
1,0,283,207,0.841171081,"[90, 270]"
1,0,283,206,0.844448217,"[90, 270]"
1,0,283,205,0.848066109,"[90, 270]"
1,0,283,204,0.851808115,"[90, 270]"
1,0,283,203,0.855676095,"[90, 270]"
1,0,283,202,0.859236842,"[90, 270]"
1,0,283,201,0.862293087,"[90, 270]"
1,0,283,200,0.863842861,"[90, 270]"
1,0,283,199,0.865725065,"[90, 270]"
1,0,283,198,0.86716421,"[90, 270]"
1,0,283,197,0.869301855,"[90, 270]"
1,0,283,196,0.870478463,"[90, 270]"
1,0,283,195,0.870840439,"[90, 270]"
1,0,283,194,0.872898655,"[90, 270]"
1,0,283,193,0.873744444,"[90, 270]"
1,0,283,192,0.87554437,"[90, 270]"
1,0,283,191,0.875311263,"[90, 270]"
1,0,283,190,0.876353877,"[90, 270]"
1,0,283,189,0.877128778,"[90, 270]"
1,0,283,188,0.877957281,"[90, 270]"
1,0,283,187,0.878580962,"[90, 270]"
1,0,283,186,0.879176149,"[90, 270]"
1,0,283,185,0.879556172,"[90, 270]"
1,0,283,184,0.879789214,"[90, 270]"
1,0,283,183,0.88058189,"[90, 270]"
1,0,283,182,0.881039783,"[90, 270]"
1,0,283,181,0.880570397,"[90, 270]"
1,0,283,180,0.875703036,"[90, 270]"
1,0,283,179,0.873402937,"[90, 270]"
1,0,283,178,0.87147457,"[90, 270]"
1,0,283,177,0.873170251,"[90, 270]"
1,0,283,176,0.871843964,"[90, 270]"
1,0,283,175,0.870145468,"[90, 270]"
1,0,283,174,0.867132636,"[90, 270]"
1,0,283,173,0.863298871,"[90, 270]"
1,0,283,172,0.858610801,"[90, 270]"
1,0,283,171,0.853412934,"[90, 270]"
1,0,283,170,0.847991747,"[90, 270]"
1,0,283,169,0.842318436,"[90, 270]"
1,0,283,168,0.836288787,"[90, 270]"
1,0,283,167,0.831720695,"[90, 270]"
1,0,283,166,0.827868896,"[90, 270]"
1,0,283,165,0.822007918,"[90, 270]"
1,0,283,164,0.816558203,"[90, 270]"
1,0,283,163,0.807816834,"[90, 270]"
1,0,283,162,0.803142367,"[90, 270]"
1,0,283,161,0.79835034,"[90, 270]"
1,0,283,160,0.795918791,"[90, 270]"
1,0,283,159,0.793848326,"[90, 270]"
1,0,283,158,0.792201174,"[90, 270]"
1,0,283,157,0.7908739,"[90, 270]"
1,0,283,156,0.790314765,"[90, 270]"
1,0,283,155,0.790037483,"[90, 270]"
1,0,283,154,0.79048295,"[90, 270]"
1,0,283,153,0.788765961,"[90, 270]"
1,0,283,152,0.786632907,"[90, 270]"
1,0,283,151,0.776130124,"[90, 270]"
1,31,283,150,0.76881079,"[0, 90, 180, 270]"
1,0,283,149,0.779604319,"[90, 270]"
1,0,283,148,0.796930022,"[90, 270]"
1,0,283,147,0.808934868,"[90, 270]"
1,0,283,146,0.820204978,"[90, 270]"
1,0,283,145,0.829498969,"[90, 270]"
1,0,283,144,0.837541789,"[90, 270]"
1,0,283,143,0.844372152,"[90, 270]"
1,0,283,142,0.850318788,"[90, 270]"
1,0,283,141,0.855409188,"[90, 270]"
1,0,283,140,0.859778595,"[90, 270]"
1,0,283,139,0.863111557,"[90, 270]"
1,0,283,138,0.86578103,"[90, 270]"
1,0,283,137,0.867918517,"[90, 270]"
1,0,283,136,0.86940991,"[90, 270]"
1,0,283,135,0.872242685,"[90, 270]"
1,0,283,134,0.872540019,"[90, 270]"
1,0,283,133,0.871883041,"[90, 270]"
1,0,283,132,0.867978112,"[90, 270]"
1,0,283,131,0.864826231,"[90, 270]"
1,0,283,130,0.860975869,"[90, 270]"
1,0,283,129,0.85672942,"[90, 270]"
1,0,283,128,0.851499058,"[90, 270]"
1,0,283,127,0.845270695,"[90, 270]"
1,0,283,126,0.837846951,"[90, 270]"
1,0,283,125,0.827559529,"[90, 270]"
1,0,283,124,0.817226296,"[90, 270]"
1,0,283,123,0.805596165,"[90, 270]"
1,0,283,122,0.794698492,"[90, 270]"
1,0,283,121,0.781654931,"[90, 270]"
1,0,283,120,0.767680685,"[90, 270]"
1,0,283,119,0.752472123,"[90, 270]"
1,0,283,118,0.736383562,"[90, 270]"
1,0,283,117,0.719351137,"[90, 270]"
1,0,283,116,0.70188994,"[90, 270]"
1,0,283,115,0.684263215,"[90, 270]"
1,0,283,114,0.667184631,"[90, 270]"
1,0,283,113,0.648146569,"[90, 270]"
1,0,283,112,0.63104124,"[90, 270]"
1,0,283,111,0.607771562,"[90, 270]"
1,35,283,110,0.60400856,"[0, 90, 180, 270]"
1,0,282,110,0.586088952,"[180, 0]"
1,0,281,110,0.589040712,"[180, 0]"
1,0,280,110,0.575743928,"[180, 0]"
1,0,279,110,0.57885616,"[180, 0]"
1,0,278,110,1.0,"[180, 0]"
1,0,277,110,0.56501154,"[180, 0]"
1,0,276,110,0.554501208,"[180, 0]"
1,0,275,110,0.559941635,"[180, 0]"
1,0,274,110,0.553831659,"[180, 0]"
1,0,273,110,1.0,"[180, 0]"
1,0,272,110,0.564487915,"[180, 0]"
1,0,271,110,0.561623229,"[180, 0]"
1,0,270,110,0.561937229,"[180, 0]"
1,0,269,110,0.553221731,"[180, 0]"
1,0,268,110,0.559375557,"[180, 0]"
1,0,267,110,0.555922639,"[180, 0]"
1,0,266,110,1.0,"[180, 0]"
1,0,265,110,0.59300441,"[180, 0]"
1,34,264,110,0.617626102,"[0, 90, 180, 270]"
1,0,264,111,0.629361102,"[90, 270]"
1,0,264,112,0.647069441,"[90, 270]"
1,0,264,113,0.661833109,"[90, 270]"
1,0,264,114,0.67580151,"[90, 270]"
1,0,264,115,0.687850924,"[90, 270]"
1,0,264,116,0.698632487,"[90, 270]"
1,0,264,117,0.708040682,"[90, 270]"
1,0,264,118,0.716405634,"[90, 270]"
1,0,264,119,0.723452263,"[90, 270]"
1,0,264,120,0.726679579,"[90, 270]"
1,0,264,121,0.734467369,"[90, 270]"
1,0,264,122,0.74325339,"[90, 270]"
1,0,264,123,0.756621152,"[90, 270]"
1,0,264,124,0.762538408,"[90, 270]"
1,0,264,125,0.771449412,"[90, 270]"
1,0,264,126,0.779724564,"[90, 270]"
1,0,264,127,0.791418295,"[90, 270]"
1,0,264,128,0.799536072,"[90, 270]"
1,0,264,129,0.806224873,"[90, 270]"
1,0,264,130,0.810630189,"[90, 270]"
1,0,264,131,0.812868012,"[90, 270]"
1,0,264,132,0.81303264,"[90, 270]"
1,0,264,133,0.810950631,"[90, 270]"
1,0,264,134,0.806479154,"[90, 270]"
1,0,264,135,0.794705457,"[90, 270]"
1,0,264,136,0.785900922,"[90, 270]"
1,0,264,137,0.77218284,"[90, 270]"
1,0,264,138,0.767133184,"[90, 270]"
1,0,264,139,0.755069637,"[90, 270]"
1,0,264,140,0.743152564,"[90, 270]"
1,0,264,141,0.72540444,"[90, 270]"
1,0,264,142,0.706104401,"[90, 270]"
1,0,264,143,0.686647768,"[90, 270]"
1,0,264,144,0.667248434,"[90, 270]"
1,33,264,145,0.64783024,"[0, 90, 180, 270]"
1,0,264,146,0.629447735,"[90, 270]"
1,0,264,147,0.613402595,"[90, 270]"
1,0,264,148,0.601685066,"[90, 270]"
1,0,264,149,0.596623532,"[90, 270]"
1,30,264,150,0.59356472,"[0, 90, 180, 270]"
1,0,265,150,0.59252565,"[0, 180]"
1,0,266,150,0.589513074,"[0, 180]"
1,0,267,150,0.589742745,"[0, 180]"
1,0,268,150,0.588976164,"[0, 180]"
1,0,269,150,0.587371782,"[0, 180]"
1,0,270,150,0.586411589,"[0, 180]"
1,0,271,150,0.58814451,"[0, 180]"
1,0,272,150,0.592199318,"[0, 180]"
1,0,273,150,0.595579864,"[0, 180]"
1,0,274,150,0.602721836,"[0, 180]"
1,0,275,150,0.61008459,"[0, 180]"
1,0,276,150,0.627320535,"[0, 180]"
1,0,277,150,0.643063275,"[0, 180]"
1,0,278,150,0.665553762,"[0, 180]"
1,0,279,150,0.682508407,"[0, 180]"
1,0,280,150,0.703624571,"[0, 180]"
1,0,281,150,0.72111984,"[0, 180]"
1,0,282,150,0.746830845,"[0, 180]"
1,0,221,424,0.8,"[0, 180]"
1,0,222,424,0.8,"[0, 180]"
1,0,223,424,0.8,"[0, 180]"
1,0,224,424,0.8,"[0, 180]"
1,0,225,424,0.8,"[0, 180]"
1,0,226,424,0.8,"[0, 180]"
1,0,227,424,0.8,"[0, 180]"
1,0,228,424,0.8,"[0, 180]"
1,0,229,424,0.8,"[0, 180]"
1,0,230,424,0.8,"[0, 180]"
1,0,231,424,0.8,"[0, 180]"
1,0,232,424,0.8,"[0, 180]"
1,0,233,424,0.8,"[0, 180]"
1,0,234,424,0.8,"[0, 180]"
1,0,235,424,0.8,"[0, 180]"
1,0,236,424,0.8,"[0, 180]"
1,0,237,424,0.8,"[0, 180]"
1,0,238,424,0.8,"[0, 180]"
1,0,239,424,0.8,"[0, 180]"
1,0,240,424,0.8,"[0, 180]"
1,0,241,424,0.8,"[0, 180]"
1,0,242,424,0.8,"[0, 180]"
1,0,243,424,0.8,"[0, 180]"
1,0,244,424,0.8,"[0, 180]"
1,0,245,424,0.8,"[0, 180]"
1,0,246,424,0.8,"[0, 180]"
1,0,247,424,0.8,"[0, 180]"
1,0,248,424,0.8,"[0, 180]"
1,0,249,424,0.8,"[0, 180]"
1,0,250,424,0.8,"[0, 180]"
1,0,251,424,0.8,"[0, 180]"
1,0,252,424,0.8,"[0, 180]"
1,0,253,424,0.8,"[0, 180]"
1,0,254,424,0.8,"[0, 180]"
1,0,255,424,0.8,"[0, 180]"
1,0,256,424,0.8,"[0, 180]"
1,18,257,424,0.8,"[0, 90, 180, 270]"
1,0,257,423,1.0,"[90, 270]"
1,0,257,422,1.0,"[90, 270]"
1,0,257,421,1.0,"[90, 270]"
1,0,257,420,1.0,"[90, 270]"
1,0,257,419,1.0,"[90, 270]"
1,0,257,418,1.0,"[90, 270]"
1,0,257,417,1.0,"[90, 270]"
1,0,257,416,1.0,"[90, 270]"
1,0,257,415,1.0,"[90, 270]"
1,0,257,414,1.0,"[90, 270]"
1,0,257,413,1.0,"[90, 270]"
1,0,257,412,1.0,"[90, 270]"
1,0,257,411,1.0,"[90, 270]"
1,0,257,410,1.0,"[90, 270]"
1,0,257,409,1.0,"[90, 270]"
1,0,257,408,1.0,"[90, 270]"
1,0,257,407,1.0,"[90, 270]"
1,0,257,406,1.0,"[90, 270]"
1,0,257,405,1.0,"[90, 270]"
1,0,257,404,1.0,"[90, 270]"
1,0,257,403,1.0,"[90, 270]"
1,20,257,402,1.0,"[0, 90, 180, 270]"
1,0,256,402,1.0,"[180, 0]"
1,0,255,402,1.0,"[180, 0]"
1,0,254,402,1.0,"[180, 0]"
1,0,253,402,1.0,"[180, 0]"
1,0,252,402,1.0,"[180, 0]"
1,0,251,402,1.0,"[180, 0]"
1,0,250,402,1.0,"[180, 0]"
1,0,249,402,1.0,"[180, 0]"
1,0,248,402,1.0,"[180, 0]"
1,0,247,402,1.0,"[180, 0]"
1,0,246,402,1.0,"[180, 0]"
1,0,245,402,1.0,"[180, 0]"
1,0,244,402,1.0,"[180, 0]"
1,0,243,402,1.0,"[180, 0]"
1,0,242,402,1.0,"[180, 0]"
1,0,241,402,1.0,"[180, 0]"
1,0,240,402,1.0,"[180, 0]"
1,0,239,402,1.0,"[180, 0]"
1,0,238,402,1.0,"[180, 0]"
1,0,237,402,1.0,"[180, 0]"
1,0,236,402,1.0,"[180, 0]"
1,0,235,402,1.0,"[180, 0]"
1,0,234,402,1.0,"[180, 0]"
1,0,233,402,1.0,"[180, 0]"
1,0,232,402,1.0,"[180, 0]"
1,0,231,402,1.0,"[180, 0]"
1,0,230,402,1.0,"[180, 0]"
1,0,229,402,1.0,"[180, 0]"
1,0,228,402,1.0,"[180, 0]"
1,0,227,402,1.0,"[180, 0]"
1,0,226,402,1.0,"[180, 0]"
1,0,225,402,1.0,"[180, 0]"
1,0,224,402,1.0,"[180, 0]"
1,0,223,402,1.0,"[180, 0]"
1,0,222,402,1.0,"[180, 0]"
1,0,221,402,1.0,"[180, 0]"
1,0,286,296,1.0,[270]
1,0,286,295,1.0,[270]
1,0,286,294,1.0,[270]
1,0,286,293,1.0,[270]
1,0,286,292,1.0,[270]
1,0,286,291,1.0,[270]
1,0,286,290,1.0,[270]
1,0,286,289,1.0,[270]
1,0,286,288,1.0,[270]
1,0,286,287,1.0,[270]
1,0,286,286,1.0,[270]
1,0,286,285,1.0,"[270, 225]"
1,0,286,284,1.0,"[270, 225]"
1,0,286,283,1.0,"[270, 225]"
1,0,286,282,1.0,"[270, 225]"
1,0,286,281,1.0,"[270, 225]"
1,0,286,280,1.0,"[270, 225]"
1,0,286,279,1.0,"[270, 225]"
1,0,286,278,1.0,"[270, 225]"
1,36,286,277,1.0,"[0, 225, 180, 270]"
1,0,285,277,1.0,"[180, 0]"
1,0,284,277,1.0,"[180, 0]"
1,0,283,277,1.0,"[180, 0]"
1,0,282,277,1.0,"[180, 0]"
1,0,281,277,1.0,"[180, 0]"
1,0,280,277,1.0,"[180, 0]"
1,0,279,277,1.0,"[180, 0]"
1,0,278,277,1.0,"[180, 0]"
1,0,277,277,1.0,"[180, 0]"
1,0,276,277,1.0,"[180, 0]"
1,0,275,277,1.0,"[180, 0]"
1,0,274,277,1.0,"[180, 0]"
1,0,273,277,1.0,"[180, 0]"
1,0,272,277,1.0,"[180, 0]"
1,0,271,277,1.0,"[180, 0]"
1,0,270,277,1.0,"[180, 0]"
1,0,269,277,1.0,"[180, 0]"
1,0,268,277,1.0,"[180, 0]"
1,0,267,277,1.0,"[180, 0]"
1,0,266,277,1.0,"[180, 0]"
1,0,265,277,1.0,"[180, 0]"
1,0,264,277,1.0,"[180, 0]"
1,0,263,277,1.0,"[180, 0]"
1,0,262,277,1.0,"[180, 0]"
1,0,261,277,1.0,"[180, 0]"
1,0,260,277,1.0,"[180, 0]"
1,0,259,277,1.0,"[180, 0]"
1,38,258,277,1.0,"[0, 90, 180, 135]"
1,0,258,278,1.0,"[90, 135]"
1,0,258,279,1.0,"[90, 135]"
1,0,258,280,1.0,"[90, 135]"
1,0,258,281,1.0,"[90, 135]"
1,0,258,282,1.0,"[90, 135]"
1,0,258,283,1.0,"[90, 135]"
1,0,258,284,1.0,"[90, 135]"
1,0,258,285,1.0,"[90, 135]"
1,0,258,286,1.0,[90]
1,0,258,287,1.0,[90]
1,0,258,288,1.0,[90]
1,0,258,289,1.0,[90]
1,0,258,290,1.0,[90]
1,0,258,291,1.0,[90]
1,0,258,292,1.0,[90]
1,0,258,293,1.0,[90]
1,0,258,294,1.0,[90]
1,0,258,295,1.0,[90]
1,0,258,296,1.0,[90]
1,0,253,296,1.0,[270]
1,0,253,295,1.0,[270]
1,0,253,294,1.0,[270]
1,0,253,293,1.0,[270]
1,0,253,292,1.0,[270]
1,0,253,291,1.0,[270]
1,0,253,290,1.0,[270]
1,0,253,289,1.0,[270]
1,0,253,288,1.0,[270]
1,0,253,287,1.0,[270]
1,0,253,286,1.0,[270]
1,0,253,285,1.0,[270]
1,0,253,284,1.0,[270]
1,0,253,283,1.0,"[270, 315]"
1,0,253,282,1.0,"[270, 315]"
1,0,253,281,1.0,"[270, 315]"
1,0,253,280,1.0,"[270, 315]"
1,0,253,279,1.0,"[270, 315]"
1,0,253,278,1.0,"[270, 315]"
1,26,253,277,1.0,"[0, 315, 270]"
1,0,254,277,1.0,[0]
1,0,255,277,1.0,[0]
1,0,256,277,1.0,[0]
1,0,257,277,1.0,[0]
1,0,287,277,1.0,[0]
1,0,288,277,1.0,[0]
1,0,289,277,1.0,[0]
1,0,290,277,1.0,[0]
1,27,291,277,1.0,"[0, 90, 45]"
1,0,291,278,1.0,"[90, 45]"
1,0,291,279,1.0,"[90, 45]"
1,0,291,280,1.0,"[90, 45]"
1,0,291,281,1.0,"[90, 45]"
1,0,291,282,1.0,"[90, 45]"
1,0,291,283,1.0,"[90, 45]"
1,0,291,284,1.0,"[90, 45]"
1,0,291,285,1.0,"[90, 45]"
1,0,291,286,1.0,[90]
1,0,291,287,1.0,[90]
1,0,291,288,1.0,[90]
1,0,291,289,1.0,[90]
1,0,291,290,1.0,[90]
1,0,291,291,1.0,[90]
1,0,291,292,1.0,[90]
1,0,291,293,1.0,[90]
1,0,291,294,1.0,[90]
1,0,291,295,1.0,[90]
1,0,291,296,1.0,[90]
1,25,291,297,1.0,"[90, 180]"
1,0,290,297,1.0,[180]
1,0,289,297,1.0,[180]
1,0,288,297,1.0,[180]
1,0,287,297,1.0,[180]
1,32,251,145,1.0,"[0, 180]"
1,0,252,145,1.0,"[0, 180]"
1,0,253,145,1.0,"[0, 180]"
1,0,254,145,1.0,"[0, 180]"
1,0,255,145,1.0,"[0, 180]"
1,0,256,145,1.0,"[0, 180]"
1,0,257,145,1.0,"[0, 180]"
1,0,258,145,1.0,"[0, 180]"
1,0,259,145,1.0,"[0, 180]"
1,0,260,145,1.0,"[0, 180]"
1,0,261,145,1.0,"[0, 180]"
1,0,262,145,1.0,"[0, 180]"
1,0,263,145,1.0,"[0, 180]"
1,0,264,151,1.0,"[90, 270]"
1,0,264,152,1.0,"[90, 270]"
1,0,264,153,1.0,"[90, 270]"
1,0,264,154,1.0,"[90, 270]"
1,0,264,155,1.0,"[90, 270]"
1,0,264,156,1.0,"[90, 270]"
1,0,264,157,1.0,"[90, 270]"
1,0,264,158,1.0,"[90, 270]"
1,0,264,159,1.0,"[90, 270]"
1,0,264,160,1.0,"[90, 270]"
1,0,264,161,1.0,"[90, 270]"
1,0,264,162,1.0,"[90, 270]"
1,0,264,163,1.0,"[90, 270]"
1,0,264,164,1.0,"[90, 270]"
1,0,264,165,1.0,"[90, 270]"
1,0,264,166,1.0,"[90, 270]"
1,0,264,167,1.0,"[90, 270]"
1,0,264,168,1.0,"[90, 270]"
1,0,264,169,1.0,"[90, 270]"
1,0,264,170,1.0,"[90, 270]"
1,0,264,171,1.0,"[90, 270]"
1,0,264,172,1.0,"[90, 270]"
1,0,264,173,1.0,"[90, 270]"
1,0,264,174,1.0,"[90, 270]"
1,0,264,175,1.0,"[90, 270]"
1,0,264,176,1.0,"[90, 270]"
1,0,264,177,1.0,"[90, 270]"
1,0,264,178,1.0,"[90, 270]"
1,0,264,179,1.0,"[90, 270]"
1,0,264,180,1.0,"[90, 270]"
1,0,264,181,1.0,"[90, 270]"
1,0,264,182,1.0,"[90, 270]"
1,0,264,183,1.0,"[90, 270]"
1,0,264,184,1.0,"[90, 270]"
1,0,264,185,1.0,"[90, 270]"
1,0,264,186,1.0,"[90, 270]"
1,0,264,187,1.0,"[90, 270]"
1,0,264,188,1.0,"[90, 270]"
1,0,264,189,1.0,"[90, 270]"
