0,60,75,41,1,"[0, 90, 180, 270]"
0,41,89,43,1,"[0, 90, 180, 270]"
0,0,90,43,1,"[0, 180]"
0,0,91,43,1,"[0, 180]"
0,0,92,43,1,"[0, 180]"
0,42,93,43,1,"[0, 90, 180, 270]"
0,0,94,43,1,"[0, 180]"
0,0,95,43,1,"[0, 180]"
0,0,96,43,1,"[0, 180]"
0,0,97,43,1,"[0, 180]"
0,43,98,43,1,"[0, 90, 180, 270]"
0,0,98,44,1,"[90, 270]"
0,0,98,45,1,"[90, 270]"
0,0,98,46,1,"[90, 270]"
0,0,98,47,1,"[90, 270]"
0,0,98,48,1,"[90, 270]"
0,0,98,49,1,"[90, 270]"
0,0,98,50,1,"[90, 270]"
0,0,98,51,1,"[90, 270]"
0,0,98,52,1,"[90, 270]"
0,0,98,53,1,"[90, 270]"
0,0,98,54,1,"[90, 270]"
0,0,98,55,1,"[90, 270]"
0,0,98,56,1,"[90, 270]"
0,0,98,57,1,"[90, 270]"
0,19,98,58,1,"[0, 90, 180, 270]"
0,0,97,58,1,"[180, 0]"
0,0,96,58,1,"[180, 0]"
0,0,95,58,1,"[180, 0]"
0,0,94,58,1,"[180, 0]"
0,18,93,58,1,"[0, 90, 180, 270]"
0,0,92,58,1,"[180, 0]"
0,0,91,58,1,"[180, 0]"
0,0,90,58,1,"[180, 0]"
0,17,89,58,1,"[0, 90, 180, 270]"
0,0,88,58,1,"[180, 0]"
0,0,87,58,1,"[180, 0]"
0,16,86,58,1,"[0, 90, 180, 270]"
0,0,85,58,1,"[180, 0]"
0,0,84,58,1,"[180, 0]"
0,0,83,58,1,"[180, 0]"
0,0,82,58,1,"[180, 0]"
0,15,81,58,1,"[0, 90, 180, 270]"
0,0,80,58,1,"[180, 0]"
0,0,79,58,1,"[180, 0]"
0,0,78,58,1,"[180, 0]"
0,0,77,58,1,"[180, 0]"
0,0,76,58,1,"[180, 0]"
0,13,75,58,1,"[0, 90, 180, 270]"
0,0,75,57,1,"[90, 270]"
0,0,75,56,1,"[90, 270]"
0,0,75,55,1,"[90, 270]"
0,0,75,54,1,"[90, 270]"
0,0,75,53,1,"[90, 270]"
0,0,75,52,1,"[90, 270]"
0,0,75,51,1,"[90, 270]"
0,37,75,50,1,"[0, 90, 180, 270]"
0,0,75,49,1,"[90, 270]"
0,0,75,48,1,"[90, 270]"
0,0,75,47,1,"[90, 270]"
0,0,75,46,1,"[90, 270]"
0,0,75,45,1,"[90, 270]"
0,0,75,44,1,"[90, 270]"
0,38,75,43,1,"[0, 90, 180, 270]"
0,0,75,42,1,"[90, 270]"
0,13,75,58,1,"[0, 90, 180, 270]"
0,0,74,58,1,"[180, 0]"
0,0,73,58,1,"[180, 0]"
0,0,72,58,1,"[180, 0]"
0,0,71,58,1,"[180, 0]"
0,0,70,58,1,"[180, 0]"
0,12,69,58,1,"[0, 90, 180, 270]"
0,0,68,58,1,"[180, 0]"
0,0,67,58,1,"[180, 0]"
0,0,66,58,1,"[180, 0]"
0,0,65,58,1,"[180, 0]"
0,11,64,58,1,"[0, 90, 180, 270]"
0,0,63,58,1,"[180, 0]"
0,0,62,58,1,"[180, 0]"
0,10,61,58,1,"[0, 90, 180, 270]"
0,0,60,58,1,"[180, 0]"
0,0,59,58,1,"[180, 0]"
0,0,58,58,1,"[180, 0]"
0,0,57,58,1,"[180, 0]"
0,9,56,58,1,"[0, 90, 180, 270]"
0,0,55,58,1,"[180, 0]"
0,0,54,58,1,"[180, 0]"
0,8,53,58,1,"[0, 90, 180, 270]"
0,0,53,57,1,"[90, 270]"
0,0,53,56,1,"[90, 270]"
0,0,53,55,1,"[90, 270]"
0,0,53,54,1,"[90, 270]"
0,0,53,53,1,"[90, 270]"
0,0,53,52,1,"[90, 270]"
0,0,53,51,1,"[90, 270]"
0,32,53,50,1,"[0, 90, 180, 270]"
0,0,53,49,1,"[90, 270]"
0,0,53,48,1,"[90, 270]"
0,0,53,47,1,"[90, 270]"
0,0,53,46,1,"[90, 270]"
0,0,53,45,1,"[90, 270]"
0,0,53,44,1,"[90, 270]"
0,0,53,43,1,"[90, 270]"
0,0,53,42,1,"[90, 270]"
0,55,53,41,1,"[0, 90, 180, 270]"
0,0,54,41,1,"[0, 180]"
0,0,55,41,1,"[0, 180]"
0,0,56,41,1,"[0, 180]"
0,0,57,41,1,"[0, 180]"
0,56,58,41,1,"[0, 90, 180, 270]"
0,0,59,41,1,"[0, 180]"
0,0,60,41,1,"[0, 180]"
0,57,61,41,1,"[0, 90, 180, 270]"
0,0,62,41,1,"[0, 180]"
0,0,63,41,1,"[0, 180]"
0,58,64,41,1,"[0, 90, 180, 270]"
0,0,65,41,1,"[0, 180]"
0,0,66,41,1,"[0, 180]"
0,0,67,41,1,"[0, 180]"
0,0,68,41,1,"[0, 180]"
0,59,69,41,1,"[0, 90, 180, 270]"
0,0,70,41,1,"[0, 180]"
0,0,71,41,1,"[0, 180]"
0,0,72,41,1,"[0, 180]"
0,0,73,41,1,"[0, 180]"
0,0,74,41,1,"[0, 180]"
0,0,52,58,1,"[180, 0]"
0,0,51,58,1,"[180, 0]"
0,0,50,58,1,"[180, 0]"
0,0,49,58,1,"[180, 0]"
0,7,48,58,1,"[0, 90, 180, 270]"
0,0,47,58,1,"[180, 0]"
0,0,46,58,1,"[180, 0]"
0,6,45,58,1,"[0, 90, 180, 270]"
0,0,44,58,1,"[180, 0]"
0,0,43,58,1,"[180, 0]"
0,0,42,58,1,"[180, 0]"
0,0,41,58,1,"[180, 0]"
0,5,40,58,1,"[0, 90, 180, 270]"
0,0,39,58,1,"[180, 0]"
0,4,38,58,1,"[0, 90, 180, 270]"
0,0,37,58,1,"[180, 0]"
0,0,36,58,1,"[180, 0]"
0,0,35,58,1,"[180, 0]"
0,0,34,58,1,"[180, 0]"
0,3,33,58,1,"[0, 90, 180, 270]"
0,0,32,58,1,"[180, 0]"
0,2,31,58,1,"[0, 90, 180, 270]"
0,0,30,58,1,"[180, 0]"
0,0,29,58,1,"[180, 0]"
0,0,28,58,1,"[180, 0]"
0,1,27,58,1,"[0, 90, 180, 270]"
0,0,27,57,1,"[90, 270]"
0,0,27,56,1,"[90, 270]"
0,0,27,55,1,"[90, 270]"
0,0,27,54,1,"[90, 270]"
0,24,27,53,1,"[0, 90, 180, 270]"
0,0,27,52,1,"[90, 270]"
0,0,27,51,1,"[90, 270]"
0,25,27,50,1,"[0, 90, 180, 270]"
0,0,27,49,1,"[90, 270]"
0,0,27,48,1,"[90, 270]"
0,0,27,47,1,"[90, 270]"
0,0,27,46,1,"[90, 270]"
0,0,27,45,1,"[90, 270]"
0,0,27,44,1,"[90, 270]"
0,0,27,43,1,"[90, 270]"
0,0,27,42,1,"[90, 270]"
0,48,27,41,1,"[0, 90, 180, 270]"
0,0,28,41,1,"[0, 180]"
0,0,29,41,1,"[0, 180]"
0,0,30,41,1,"[0, 180]"
0,49,31,41,1,"[0, 90, 180, 270]"
0,0,32,41,1,"[0, 180]"
0,50,33,41,1,"[0, 90, 180, 270]"
0,0,34,41,1,"[0, 180]"
0,0,35,41,1,"[0, 180]"
0,0,36,41,1,"[0, 180]"
0,0,37,41,1,"[0, 180]"
0,51,38,41,1,"[0, 90, 180, 270]"
0,0,39,41,1,"[0, 180]"
0,52,40,41,1,"[0, 90, 180, 270]"
0,0,41,41,1,"[0, 180]"
0,0,42,41,1,"[0, 180]"
0,0,43,41,1,"[0, 180]"
0,0,44,41,1,"[0, 180]"
0,53,45,41,1,"[0, 90, 180, 270]"
0,0,46,41,1,"[0, 180]"
0,0,47,41,1,"[0, 180]"
0,54,48,41,1,"[0, 90, 180, 270]"
0,0,49,41,1,"[0, 180]"
0,0,50,41,1,"[0, 180]"
0,0,51,41,1,"[0, 180]"
0,0,52,41,1,"[0, 180]"
0,0,26,58,1,"[180, 0]"
0,0,25,58,1,"[180, 0]"
0,0,24,58,1,"[180, 0]"
0,0,23,58,1,"[180, 0]"
0,0,22,58,1,"[180, 0]"
0,0,21,58,1,"[180, 0]"
0,0,20,58,1,"[180, 0]"
0,0,19,58,1,"[180, 0]"
0,0,18,58,1,"[180, 0]"
0,0,17,58,1,"[180, 0]"
0,0,16,58,1,"[180, 0]"
0,0,15,58,1,"[180, 0]"
0,0,14,58,1,"[180, 0]"
0,0,13,58,1,"[180, 0]"
0,0,12,58,1,"[180, 0]"
0,0,11,58,1,"[180, 0]"
0,0,10,58,1,"[180, 0]"
0,0,9,58,1,"[180, 0]"
0,0,8,58,1,"[180, 0]"
0,0,7,58,1,"[180, 0]"
0,0,6,58,1,"[180, 0]"
0,14,5,58,1,"[0, 90, 180, 270]"
0,0,5,57,1,"[90, 270]"
0,0,5,56,1,"[90, 270]"
0,0,5,55,1,"[90, 270]"
0,0,5,54,1,"[90, 270]"
0,20,5,53,1,"[0, 90, 180, 270]"
0,0,5,52,1,"[90, 270]"
0,0,5,51,1,"[90, 270]"
0,0,5,50,1,"[90, 270]"
0,0,5,49,1,"[90, 270]"
0,0,5,48,1,"[90, 270]"
0,0,5,47,1,"[90, 270]"
0,0,5,46,1,"[90, 270]"
0,0,5,45,1,"[90, 270]"
0,0,5,44,1,"[90, 270]"
0,0,5,43,1,"[90, 270]"
0,0,5,42,1,"[90, 270]"
0,44,5,41,1,"[0, 90, 180, 270]"
0,0,6,41,1,"[0, 180]"
0,0,7,41,1,"[0, 180]"
0,0,8,41,1,"[0, 180]"
0,45,9,41,1,"[0, 90, 180, 270]"
0,0,10,41,1,"[0, 180]"
0,0,11,41,1,"[0, 180]"
0,0,12,41,1,"[0, 180]"
0,0,13,41,1,"[0, 180]"
0,0,14,41,1,"[0, 180]"
0,46,15,41,1,"[0, 90, 180, 270]"
0,0,16,41,1,"[0, 180]"
0,0,17,41,1,"[0, 180]"
0,0,18,41,1,"[0, 180]"
0,0,19,41,1,"[0, 180]"
0,0,20,41,1,"[0, 180]"
0,47,21,41,1,"[0, 90, 180, 270]"
0,0,22,41,1,"[0, 180]"
0,0,23,41,1,"[0, 180]"
0,0,24,41,1,"[0, 180]"
0,0,25,41,1,"[0, 180]"
0,0,26,41,1,"[0, 180]"
0,0,27,40,1,"[90, 270]"
0,0,27,39,1,"[90, 270]"
0,0,27,38,1,"[90, 270]"
0,0,27,37,1,"[90, 270]"
0,0,27,36,1,"[90, 270]"
0,0,27,35,1,"[90, 270]"
0,0,27,34,1,"[90, 270]"
0,0,27,33,1,"[90, 270]"
0,0,27,32,1,"[90, 270]"
0,0,27,31,1,"[90, 270]"
0,0,27,30,1,"[90, 270]"
0,0,27,29,1,"[90, 270]"
0,0,27,28,1,"[90, 270]"
0,0,27,27,1,"[90, 270]"
0,0,27,26,1,"[90, 270]"
0,0,27,25,1,"[90, 270]"
0,61,27,24,1,"[0, 90, 180, 270]"
0,0,28,24,1,"[0, 180]"
0,0,29,24,1,"[0, 180]"
0,0,30,24,1,"[0, 180]"
0,0,31,24,1,"[0, 180]"
0,0,32,24,1,"[0, 180]"
0,0,33,24,1,"[0, 180]"
0,0,34,24,1,"[0, 180]"
0,0,35,24,1,"[0, 180]"
0,0,36,24,1,"[0, 180]"
0,0,37,24,1,"[0, 180]"
0,0,38,24,1,"[0, 180]"
0,0,39,24,1,"[0, 180]"
0,62,40,24,1,"[0, 90, 180, 270]"
0,0,41,24,1,"[0, 180]"
0,0,42,24,1,"[0, 180]"
0,0,43,24,1,"[0, 180]"
0,0,44,24,1,"[0, 180]"
0,0,45,24,1,"[0, 180]"
0,0,46,24,1,"[0, 180]"
0,0,47,24,1,"[0, 180]"
0,0,48,24,1,"[0, 180]"
0,0,49,24,1,"[0, 180]"
0,0,50,24,1,"[0, 180]"
0,0,51,24,1,"[0, 180]"
0,0,52,24,1,"[0, 180]"
0,0,53,24,1,"[0, 180]"
0,0,54,24,1,"[0, 180]"
0,0,55,24,1,"[0, 180]"
0,0,56,24,1,"[0, 180]"
0,0,57,24,1,"[0, 180]"
0,63,58,24,1,"[0, 90, 180, 270]"
0,0,58,25,1,"[90, 270]"
0,0,58,26,1,"[90, 270]"
0,0,58,27,1,"[90, 270]"
0,0,58,28,1,"[90, 270]"
0,0,58,29,1,"[90, 270]"
0,0,58,30,1,"[90, 270]"
0,0,58,31,1,"[90, 270]"
0,0,58,32,1,"[90, 270]"
0,0,58,33,1,"[90, 270]"
0,0,58,34,1,"[90, 270]"
0,0,58,35,1,"[90, 270]"
0,0,58,36,1,"[90, 270]"
0,0,58,37,1,"[90, 270]"
0,0,58,38,1,"[90, 270]"
0,0,58,39,1,"[90, 270]"
0,0,58,40,1,"[90, 270]"
0,0,59,24,1,"[0, 180]"
0,0,60,24,1,"[0, 180]"
0,0,61,24,1,"[0, 180]"
0,64,62,24,1,"[0, 90, 180, 270]"
0,0,63,24,1,"[0, 180]"
0,0,64,24,1,"[0, 180]"
0,0,65,24,1,"[0, 180]"
0,0,66,24,1,"[0, 180]"
0,0,67,24,1,"[0, 180]"
0,0,68,24,1,"[0, 180]"
0,0,69,24,1,"[0, 180]"
0,0,70,24,1,"[0, 180]"
0,0,71,24,1,"[0, 180]"
0,0,72,24,1,"[0, 180]"
0,0,73,24,1,"[0, 180]"
0,0,74,24,1,"[0, 180]"
0,65,75,24,1,"[0, 90, 180, 270]"
0,0,75,25,1,"[90, 270]"
0,0,75,26,1,"[90, 270]"
0,0,75,27,1,"[90, 270]"
0,0,75,28,1,"[90, 270]"
0,0,75,29,1,"[90, 270]"
0,0,75,30,1,"[90, 270]"
0,0,75,31,1,"[90, 270]"
0,0,75,32,1,"[90, 270]"
0,0,75,33,1,"[90, 270]"
0,0,75,34,1,"[90, 270]"
0,0,75,35,1,"[90, 270]"
0,0,75,36,1,"[90, 270]"
0,0,75,37,1,"[90, 270]"
0,0,75,38,1,"[90, 270]"
0,0,75,39,1,"[90, 270]"
0,0,75,40,1,"[90, 270]"
0,0,62,23,1,"[90, 270]"
0,0,62,22,1,"[90, 270]"
0,0,62,21,1,"[90, 270]"
0,0,62,20,1,"[90, 270]"
0,0,62,19,1,"[90, 270]"
0,0,62,18,1,"[90, 270]"
0,0,62,17,1,"[90, 270]"
0,0,62,16,1,"[90, 270]"
0,0,62,15,1,"[90, 270]"
0,0,62,14,1,"[90, 270]"
0,0,62,13,1,"[90, 270]"
0,0,62,12,1,"[90, 270]"
0,0,62,11,1,"[90, 270]"
0,0,62,10,1,"[90, 270]"
0,0,62,9,1,"[90, 270]"
0,0,62,8,1,"[90, 270]"
0,0,62,7,1,"[90, 270]"
0,67,62,6,1,"[0, 90, 180, 270]"
0,0,61,6,1,"[180, 0]"
0,0,60,6,1,"[180, 0]"
0,0,59,6,1,"[180, 0]"
0,0,58,6,1,"[180, 0]"
0,0,57,6,1,"[180, 0]"
0,0,56,6,1,"[180, 0]"
0,0,55,6,1,"[180, 0]"
0,0,54,6,1,"[180, 0]"
0,0,53,6,1,"[180, 0]"
0,0,52,6,1,"[180, 0]"
0,0,51,6,1,"[180, 0]"
0,0,50,6,1,"[180, 0]"
0,0,49,6,1,"[180, 0]"
0,0,48,6,1,"[180, 0]"
0,0,47,6,1,"[180, 0]"
0,0,46,6,1,"[180, 0]"
0,0,45,6,1,"[180, 0]"
0,0,44,6,1,"[180, 0]"
0,0,43,6,1,"[180, 0]"
0,0,42,6,1,"[180, 0]"
0,0,41,6,1,"[180, 0]"
0,66,40,6,1,"[0, 90, 180, 270]"
0,0,40,7,1,"[90, 270]"
0,0,40,8,1,"[90, 270]"
0,0,40,9,1,"[90, 270]"
0,0,40,10,1,"[90, 270]"
0,0,40,11,1,"[90, 270]"
0,0,40,12,1,"[90, 270]"
0,0,40,13,1,"[90, 270]"
0,0,40,14,1,"[90, 270]"
0,0,40,15,1,"[90, 270]"
0,0,40,16,1,"[90, 270]"
0,0,40,17,1,"[90, 270]"
0,0,40,18,1,"[90, 270]"
0,0,40,19,1,"[90, 270]"
0,0,40,20,1,"[90, 270]"
0,0,40,21,1,"[90, 270]"
0,0,40,22,1,"[90, 270]"
0,0,40,23,1,"[90, 270]"
0,0,6,53,1,"[0, 180]"
0,0,7,53,1,"[0, 180]"
0,0,8,53,1,"[0, 180]"
0,21,9,53,1,"[0, 90, 180, 270]"
0,0,10,53,1,"[0, 180]"
0,0,11,53,1,"[0, 180]"
0,0,12,53,1,"[0, 180]"
0,0,13,53,1,"[0, 180]"
0,0,14,53,1,"[0, 180]"
0,22,15,53,1,"[0, 90, 180, 270]"
0,0,16,53,1,"[0, 180]"
0,0,17,53,1,"[0, 180]"
0,0,18,53,1,"[0, 180]"
0,0,19,53,1,"[0, 180]"
0,0,20,53,1,"[0, 180]"
0,23,21,53,1,"[0, 90, 180, 270]"
0,0,22,53,1,"[0, 180]"
0,0,23,53,1,"[0, 180]"
0,0,24,53,1,"[0, 180]"
0,0,25,53,1,"[0, 180]"
0,0,26,53,1,"[0, 180]"
0,45,9,41,1,"[0, 90, 180, 270]"
0,0,9,42,1,"[90, 270]"
0,0,9,43,1,"[90, 270]"
0,0,9,44,1,"[90, 270]"
0,0,9,45,1,"[90, 270]"
0,0,9,46,1,"[90, 270]"
0,0,9,47,1,"[90, 270]"
0,0,9,48,1,"[90, 270]"
0,0,9,49,1,"[90, 270]"
0,0,9,50,1,"[90, 270]"
0,0,9,51,1,"[90, 270]"
0,0,9,52,1,"[90, 270]"
0,46,15,41,1,"[0, 90, 180, 270]"
0,0,15,42,1,"[90, 270]"
0,0,15,43,1,"[90, 270]"
0,0,15,44,1,"[90, 270]"
0,0,15,45,1,"[90, 270]"
0,0,15,46,1,"[90, 270]"
0,0,15,47,1,"[90, 270]"
0,0,15,48,1,"[90, 270]"
0,0,15,49,1,"[90, 270]"
0,0,15,50,1,"[90, 270]"
0,0,15,51,1,"[90, 270]"
0,0,15,52,1,"[90, 270]"
0,47,21,41,1,"[0, 90, 180, 270]"
0,0,21,42,1,"[90, 270]"
0,0,21,43,1,"[90, 270]"
0,0,21,44,1,"[90, 270]"
0,0,21,45,1,"[90, 270]"
0,0,21,46,1,"[90, 270]"
0,0,21,47,1,"[90, 270]"
0,0,21,48,1,"[90, 270]"
0,0,21,49,1,"[90, 270]"
0,0,21,50,1,"[90, 270]"
0,0,21,51,1,"[90, 270]"
0,0,21,52,1,"[90, 270]"
0,0,28,50,1,"[0, 180]"
0,0,29,50,1,"[0, 180]"
0,0,30,50,1,"[0, 180]"
0,26,31,50,1,"[0, 90, 180, 270]"
0,0,32,50,1,"[0, 180]"
0,27,33,50,1,"[0, 90, 180, 270]"
0,0,34,50,1,"[0, 180]"
0,0,35,50,1,"[0, 180]"
0,0,36,50,1,"[0, 180]"
0,0,37,50,1,"[0, 180]"
0,28,38,50,1,"[0, 90, 180, 270]"
0,0,39,50,1,"[0, 180]"
0,29,40,50,1,"[0, 90, 180, 270]"
0,0,41,50,1,"[0, 180]"
0,0,42,50,1,"[0, 180]"
0,0,43,50,1,"[0, 180]"
0,0,44,50,1,"[0, 180]"
0,30,45,50,1,"[0, 90, 180, 270]"
0,0,46,50,1,"[0, 180]"
0,0,47,50,1,"[0, 180]"
0,31,48,50,1,"[0, 90, 180, 270]"
0,0,49,50,1,"[0, 180]"
0,0,50,50,1,"[0, 180]"
0,0,51,50,1,"[0, 180]"
0,0,52,50,1,"[0, 180]"
0,32,53,50,1,"[0, 90, 180, 270]"
0,0,54,50,1,"[0, 180]"
0,0,55,50,1,"[0, 180]"
0,33,56,50,1,"[0, 90, 180, 270]"
0,0,57,50,1,"[0, 180]"
0,0,58,50,1,"[0, 180]"
0,0,59,50,1,"[0, 180]"
0,0,60,50,1,"[0, 180]"
0,34,61,50,1,"[0, 90, 180, 270]"
0,0,62,50,1,"[0, 180]"
0,0,63,50,1,"[0, 180]"
0,35,64,50,1,"[0, 90, 180, 270]"
0,0,65,50,1,"[0, 180]"
0,0,66,50,1,"[0, 180]"
0,0,67,50,1,"[0, 180]"
0,0,68,50,1,"[0, 180]"
0,36,69,50,1,"[0, 90, 180, 270]"
0,0,70,50,1,"[0, 180]"
0,0,71,50,1,"[0, 180]"
0,0,72,50,1,"[0, 180]"
0,0,73,50,1,"[0, 180]"
0,0,74,50,1,"[0, 180]"
0,0,31,42,1,"[90, 270]"
0,0,31,43,1,"[90, 270]"
0,0,31,44,1,"[90, 270]"
0,0,31,45,1,"[90, 270]"
0,0,31,46,1,"[90, 270]"
0,0,31,47,1,"[90, 270]"
0,0,31,48,1,"[90, 270]"
0,0,31,49,1,"[90, 270]"
0,0,31,51,1,"[90, 270]"
0,0,31,52,1,"[90, 270]"
0,0,31,53,1,"[90, 270]"
0,0,31,54,1,"[90, 270]"
0,0,31,55,1,"[90, 270]"
0,0,31,56,1,"[90, 270]"
0,0,31,57,1,"[90, 270]"
0,2,31,58,1,"[0, 90, 180, 270]"
0,0,33,42,1,"[90, 270]"
0,0,33,43,1,"[90, 270]"
0,0,33,44,1,"[90, 270]"
0,0,33,45,1,"[90, 270]"
0,0,33,46,1,"[90, 270]"
0,0,33,47,1,"[90, 270]"
0,0,33,48,1,"[90, 270]"
0,0,33,49,1,"[90, 270]"
0,0,33,51,1,"[90, 270]"
0,0,33,52,1,"[90, 270]"
0,0,33,53,1,"[90, 270]"
0,0,33,54,1,"[90, 270]"
0,0,33,55,1,"[90, 270]"
0,0,33,56,1,"[90, 270]"
0,0,33,57,1,"[90, 270]"
0,3,33,58,1,"[0, 90, 180, 270]"
0,0,38,42,1,"[90, 270]"
0,0,38,43,1,"[90, 270]"
0,0,38,44,1,"[90, 270]"
0,0,38,45,1,"[90, 270]"
0,0,38,46,1,"[90, 270]"
0,0,38,47,1,"[90, 270]"
0,0,38,48,1,"[90, 270]"
0,0,38,49,1,"[90, 270]"
0,0,38,51,1,"[90, 270]"
0,0,38,52,1,"[90, 270]"
0,0,38,53,1,"[90, 270]"
0,0,38,54,1,"[90, 270]"
0,0,38,55,1,"[90, 270]"
0,0,38,56,1,"[90, 270]"
0,0,38,57,1,"[90, 270]"
0,4,38,58,1,"[0, 90, 180, 270]"
0,0,40,42,1,"[90, 270]"
0,0,40,43,1,"[90, 270]"
0,0,40,44,1,"[90, 270]"
0,0,40,45,1,"[90, 270]"
0,0,40,46,1,"[90, 270]"
0,0,40,47,1,"[90, 270]"
0,0,40,48,1,"[90, 270]"
0,0,40,49,1,"[90, 270]"
0,0,40,51,1,"[90, 270]"
0,0,40,52,1,"[90, 270]"
0,0,40,53,1,"[90, 270]"
0,0,40,54,1,"[90, 270]"
0,0,40,55,1,"[90, 270]"
0,0,40,56,1,"[90, 270]"
0,0,40,57,1,"[90, 270]"
0,5,40,58,1,"[0, 90, 180, 270]"
0,0,45,42,1,"[90, 270]"
0,0,45,43,1,"[90, 270]"
0,0,45,44,1,"[90, 270]"
0,0,45,45,1,"[90, 270]"
0,0,45,46,1,"[90, 270]"
0,0,45,47,1,"[90, 270]"
0,0,45,48,1,"[90, 270]"
0,0,45,49,1,"[90, 270]"
0,0,45,51,1,"[90, 270]"
0,0,45,52,1,"[90, 270]"
0,0,45,53,1,"[90, 270]"
0,0,45,54,1,"[90, 270]"
0,0,45,55,1,"[90, 270]"
0,0,45,56,1,"[90, 270]"
0,0,45,57,1,"[90, 270]"
0,6,45,58,1,"[0, 90, 180, 270]"
0,0,48,42,1,"[90, 270]"
0,0,48,43,1,"[90, 270]"
0,0,48,44,1,"[90, 270]"
0,0,48,45,1,"[90, 270]"
0,0,48,46,1,"[90, 270]"
0,0,48,47,1,"[90, 270]"
0,0,48,48,1,"[90, 270]"
0,0,48,49,1,"[90, 270]"
0,0,48,51,1,"[90, 270]"
0,0,48,52,1,"[90, 270]"
0,0,48,53,1,"[90, 270]"
0,0,48,54,1,"[90, 270]"
0,0,48,55,1,"[90, 270]"
0,0,48,56,1,"[90, 270]"
0,0,48,57,1,"[90, 270]"
0,7,48,58,1,"[0, 90, 180, 270]"
0,0,61,42,1,"[90, 270]"
0,0,61,43,1,"[90, 270]"
0,0,61,44,1,"[90, 270]"
0,0,61,45,1,"[90, 270]"
0,0,61,46,1,"[90, 270]"
0,0,61,47,1,"[90, 270]"
0,0,61,48,1,"[90, 270]"
0,0,61,49,1,"[90, 270]"
0,0,61,51,1,"[90, 270]"
0,0,61,52,1,"[90, 270]"
0,0,61,53,1,"[90, 270]"
0,0,61,54,1,"[90, 270]"
0,0,61,55,1,"[90, 270]"
0,0,61,56,1,"[90, 270]"
0,0,61,57,1,"[90, 270]"
0,10,61,58,1,"[0, 90, 180, 270]"
0,0,64,42,1,"[90, 270]"
0,0,64,43,1,"[90, 270]"
0,0,64,44,1,"[90, 270]"
0,0,64,45,1,"[90, 270]"
0,0,64,46,1,"[90, 270]"
0,0,64,47,1,"[90, 270]"
0,0,64,48,1,"[90, 270]"
0,0,64,49,1,"[90, 270]"
0,0,64,51,1,"[90, 270]"
0,0,64,52,1,"[90, 270]"
0,0,64,53,1,"[90, 270]"
0,0,64,54,1,"[90, 270]"
0,0,64,55,1,"[90, 270]"
0,0,64,56,1,"[90, 270]"
0,0,64,57,1,"[90, 270]"
0,11,64,58,1,"[0, 90, 180, 270]"
0,0,69,42,1,"[90, 270]"
0,0,69,43,1,"[90, 270]"
0,0,69,44,1,"[90, 270]"
0,0,69,45,1,"[90, 270]"
0,0,69,46,1,"[90, 270]"
0,0,69,47,1,"[90, 270]"
0,0,69,48,1,"[90, 270]"
0,0,69,49,1,"[90, 270]"
0,0,69,51,1,"[90, 270]"
0,0,69,52,1,"[90, 270]"
0,0,69,53,1,"[90, 270]"
0,0,69,54,1,"[90, 270]"
0,0,69,55,1,"[90, 270]"
0,0,69,56,1,"[90, 270]"
0,0,69,57,1,"[90, 270]"
0,12,69,58,1,"[0, 90, 180, 270]"
0,0,76,43,1,"[0, 180]"
0,0,77,43,1,"[0, 180]"
0,0,78,43,1,"[0, 180]"
0,0,79,43,1,"[0, 180]"
0,0,80,43,1,"[0, 180]"
0,39,81,43,1,"[0, 90, 180, 270]"
0,0,82,43,1,"[0, 180]"
0,0,83,43,1,"[0, 180]"
0,0,84,43,1,"[0, 180]"
0,0,85,43,1,"[0, 180]"
0,40,86,43,1,"[0, 90, 180, 270]"
0,0,87,43,1,"[0, 180]"
0,0,88,43,1,"[0, 180]"
0,0,81,44,1,"[90, 270]"
0,0,81,45,1,"[90, 270]"
0,0,81,46,1,"[90, 270]"
0,0,81,47,1,"[90, 270]"
0,0,81,48,1,"[90, 270]"
0,0,81,49,1,"[90, 270]"
0,0,81,50,1,"[90, 270]"
0,0,81,51,1,"[90, 270]"
0,0,81,52,1,"[90, 270]"
0,0,81,53,1,"[90, 270]"
0,0,81,54,1,"[90, 270]"
0,0,81,55,1,"[90, 270]"
0,0,81,56,1,"[90, 270]"
0,0,81,57,1,"[90, 270]"
0,0,86,44,1,"[90, 270]"
0,0,86,45,1,"[90, 270]"
0,0,86,46,1,"[90, 270]"
0,0,86,47,1,"[90, 270]"
0,0,86,48,1,"[90, 270]"
0,0,86,49,1,"[90, 270]"
0,0,86,50,1,"[90, 270]"
0,0,86,51,1,"[90, 270]"
0,0,86,52,1,"[90, 270]"
0,0,86,53,1,"[90, 270]"
0,0,86,54,1,"[90, 270]"
0,0,86,55,1,"[90, 270]"
0,0,86,56,1,"[90, 270]"
0,0,86,57,1,"[90, 270]"
0,0,89,44,1,"[90, 270]"
0,0,89,45,1,"[90, 270]"
0,0,89,46,1,"[90, 270]"
0,0,89,47,1,"[90, 270]"
0,0,89,48,1,"[90, 270]"
0,0,89,49,1,"[90, 270]"
0,0,89,50,1,"[90, 270]"
0,0,89,51,1,"[90, 270]"
0,0,89,52,1,"[90, 270]"
0,0,89,53,1,"[90, 270]"
0,0,89,54,1,"[90, 270]"
0,0,89,55,1,"[90, 270]"
0,0,89,56,1,"[90, 270]"
0,0,89,57,1,"[90, 270]"
0,0,93,44,1,"[90, 270]"
0,0,93,45,1,"[90, 270]"
0,0,93,46,1,"[90, 270]"
0,0,93,47,1,"[90, 270]"
0,0,93,48,1,"[90, 270]"
0,0,93,49,1,"[90, 270]"
0,0,93,50,1,"[90, 270]"
0,0,93,51,1,"[90, 270]"
0,0,93,52,1,"[90, 270]"
0,0,93,53,1,"[90, 270]"
0,0,93,54,1,"[90, 270]"
0,0,93,55,1,"[90, 270]"
0,0,93,56,1,"[90, 270]"
0,0,93,57,1,"[90, 270]"
0,0,56,51,1,"[90, 270]"
0,0,56,52,1,"[90, 270]"
0,0,56,53,1,"[90, 270]"
0,0,56,54,1,"[90, 270]"
0,0,56,55,1,"[90, 270]"
0,0,56,56,1,"[90, 270]"
0,0,56,57,1,"[90, 270]"
0,9,56,58,1,"[0, 90, 180, 270]"
